date_key,date,year,quarter,month,month_name,day,day_of_week,day_name,is_weekend,year_month
20161108,2016-11-08,2016,4,11,November,8,1,Tuesday,0,2016-11
20160612,2016-06-12,2016,2,6,June,12,6,Sunday,1,2016-06
20151011,2015-10-11,2015,4,10,October,11,6,Sunday,1,2015-10
20140609,2014-06-09,2014,2,6,June,9,0,Monday,0,2014-06
20170415,2017-04-15,2017,2,4,April,15,5,Saturday,1,2017-04
20161205,2016-12-05,2016,4,12,December,5,0,Monday,0,2016-12
20151122,2015-11-22,2015,4,11,November,22,6,Sunday,1,2015-11
20141111,2014-11-11,2014,4,11,November,11,1,Tuesday,0,2014-11
20140513,2014-05-13,2014,2,5,May,13,1,Tuesday,0,2014-05
20140827,2014-08-27,2014,3,8,August,27,2,Wednesday,0,2014-08
20161209,2016-12-09,2016,4,12,December,9,4,Friday,0,2016-12
20170716,2017-07-16,2017,3,7,July,16,6,Sunday,1,2017-07
20150925,2015-09-25,2015,3,9,September,25,4,Friday,0,2015-09
20160116,2016-01-16,2016,1,1,January,16,5,Saturday,1,2016-01
20150917,2015-09-17,2015,3,9,September,17,3,Thursday,0,2015-09
20171019,2017-10-19,2017,4,10,October,19,3,Thursday,0,2017-10
20161208,2016-12-08,2016,4,12,December,8,3,Thursday,0,2016-12
20151227,2015-12-27,2015,4,12,December,27,6,Sunday,1,2015-12
20170910,2017-09-10,2017,3,9,September,10,6,Sunday,1,2017-09
20160717,2016-07-17,2016,3,7,July,17,6,Sunday,1,2016-07
20170919,2017-09-19,2017,3,9,September,19,1,Tuesday,0,2017-09
20160311,2016-03-11,2016,1,3,March,11,4,Friday,0,2016-03
20141020,2014-10-20,2014,4,10,October,20,0,Monday,0,2014-10
20160620,2016-06-20,2016,2,6,June,20,0,Monday,0,2016-06
20150418,2015-04-18,2015,2,4,April,18,5,Saturday,1,2015-04
20161211,2016-12-11,2016,4,12,December,11,6,Sunday,1,2016-12
20160617,2016-06-17,2016,2,6,June,17,4,Friday,0,2016-06
20151124,2015-11-24,2015,4,11,November,24,1,Tuesday,0,2015-11
20150430,2015-04-30,2015,2,4,April,30,3,Thursday,0,2015-04
20141205,2014-12-05,2014,4,12,December,5,4,Friday,0,2014-12
20160604,2016-06-04,2016,2,6,June,4,5,Saturday,1,2016-06
20160918,2016-09-18,2016,3,9,September,18,6,Sunday,1,2016-09
20170914,2017-09-14,2017,3,9,September,14,3,Thursday,0,2017-09
20150426,2015-04-26,2015,2,4,April,26,6,Sunday,1,2015-04
20171209,2017-12-09,2017,4,12,December,9,5,Saturday,1,2017-12
20141126,2014-11-26,2014,4,11,November,26,2,Wednesday,0,2014-11
20141012,2014-10-12,2014,4,10,October,12,6,Sunday,1,2014-10
20150903,2015-09-03,2015,3,9,September,3,3,Thursday,0,2015-09
20171113,2017-11-13,2017,4,11,November,13,0,Monday,0,2017-11
20170528,2017-05-28,2017,2,5,May,28,6,Sunday,1,2017-05
20171026,2017-10-26,2017,4,10,October,26,3,Thursday,0,2017-10
20160405,2016-04-05,2016,2,4,April,5,1,Tuesday,0,2016-04
20160917,2016-09-17,2016,3,9,September,17,5,Saturday,1,2016-09
20150131,2015-01-31,2015,1,1,January,31,5,Saturday,1,2015-01
20171106,2017-11-06,2017,4,11,November,6,0,Monday,0,2017-11
20171109,2017-11-09,2017,4,11,November,9,3,Thursday,0,2017-11
20170617,2017-06-17,2017,2,6,June,17,5,Saturday,1,2017-06
20160906,2016-09-06,2016,3,9,September,6,1,Tuesday,0,2016-09
20160829,2016-08-29,2016,3,8,August,29,0,Monday,0,2016-08
20161201,2016-12-01,2016,4,12,December,1,3,Thursday,0,2016-12
20151113,2015-11-13,2015,4,11,November,13,4,Friday,0,2015-11
20171123,2017-11-23,2017,4,11,November,23,3,Thursday,0,2017-11
20151015,2015-10-15,2015,4,10,October,15,3,Thursday,0,2015-10
20171225,2017-12-25,2017,4,12,December,25,0,Monday,0,2017-12
20161103,2016-11-03,2016,4,11,November,3,3,Thursday,0,2016-11
20140825,2014-08-25,2014,3,8,August,25,0,Monday,0,2014-08
20150302,2015-03-02,2015,1,3,March,2,0,Monday,0,2015-03
20150405,2015-04-05,2015,2,4,April,5,6,Sunday,1,2015-04
20141226,2014-12-26,2014,4,12,December,26,4,Friday,0,2014-12
20140920,2014-09-20,2014,3,9,September,20,5,Saturday,1,2014-09
20171105,2017-11-05,2017,4,11,November,5,6,Sunday,1,2017-11
20161106,2016-11-06,2016,4,11,November,6,6,Sunday,1,2016-11
20170202,2017-02-02,2017,1,2,February,2,3,Thursday,0,2017-02
20161013,2016-10-13,2016,4,10,October,13,3,Thursday,0,2016-10
20160905,2016-09-05,2016,3,9,September,5,0,Monday,0,2016-09
20170918,2017-09-18,2017,3,9,September,18,0,Monday,0,2017-09
20171222,2017-12-22,2017,4,12,December,22,4,Friday,0,2017-12
20150907,2015-09-07,2015,3,9,September,7,0,Monday,0,2015-09
20141022,2014-10-22,2014,4,10,October,22,2,Wednesday,0,2014-10
20160313,2016-03-13,2016,1,3,March,13,6,Sunday,1,2016-03
20150531,2015-05-31,2015,2,5,May,31,6,Sunday,1,2015-05
20150528,2015-05-28,2015,2,5,May,28,3,Thursday,0,2015-05
20140301,2014-03-01,2014,1,3,March,1,5,Saturday,1,2014-03
20161120,2016-11-20,2016,4,11,November,20,6,Sunday,1,2016-11
20160511,2016-05-11,2016,2,5,May,11,2,Wednesday,0,2016-05
20151228,2015-12-28,2015,4,12,December,28,0,Monday,0,2015-12
20161116,2016-11-16,2016,4,11,November,16,2,Wednesday,0,2016-11
20161107,2016-11-07,2016,4,11,November,7,0,Monday,0,2016-11
20140908,2014-09-08,2014,3,9,September,8,0,Monday,0,2014-09
20140805,2014-08-05,2014,3,8,August,5,1,Tuesday,0,2014-08
20140914,2014-09-14,2014,3,9,September,14,6,Sunday,1,2014-09
20170421,2017-04-21,2017,2,4,April,21,4,Friday,0,2017-04
20151121,2015-11-21,2015,4,11,November,21,5,Saturday,1,2015-11
20151215,2015-12-15,2015,4,12,December,15,1,Tuesday,0,2015-12
20141119,2014-11-19,2014,4,11,November,19,2,Wednesday,0,2014-11
20161128,2016-11-28,2016,4,11,November,28,0,Monday,0,2016-11
20140826,2014-08-26,2014,3,8,August,26,1,Tuesday,0,2014-08
20160716,2016-07-16,2016,3,7,July,16,5,Saturday,1,2016-07
20151012,2015-10-12,2015,4,10,October,12,0,Monday,0,2015-10
20151031,2015-10-31,2015,4,10,October,31,5,Saturday,1,2015-10
20140321,2014-03-21,2014,1,3,March,21,4,Friday,0,2014-03
20170706,2017-07-06,2017,3,7,July,6,3,Thursday,0,2017-07
20170624,2017-06-24,2017,2,6,June,24,5,Saturday,1,2017-06
20140803,2014-08-03,2014,3,8,August,3,6,Sunday,1,2014-08
20171217,2017-12-17,2017,4,12,December,17,6,Sunday,1,2017-12
20170603,2017-06-03,2017,2,6,June,3,5,Saturday,1,2017-06
20171201,2017-12-01,2017,4,12,December,1,4,Friday,0,2017-12
20150209,2015-02-09,2015,1,2,February,9,0,Monday,0,2015-02
20150102,2015-01-02,2015,1,1,January,2,4,Friday,0,2015-01
20161028,2016-10-28,2016,4,10,October,28,4,Friday,0,2016-10
20151224,2015-12-24,2015,4,12,December,24,3,Thursday,0,2015-12
20150809,2015-08-09,2015,3,8,August,9,6,Sunday,1,2015-08
20150228,2015-02-28,2015,1,2,February,28,5,Saturday,1,2015-02
20140913,2014-09-13,2014,3,9,September,13,5,Saturday,1,2014-09
20170407,2017-04-07,2017,2,4,April,7,4,Friday,0,2017-04
20171112,2017-11-12,2017,4,11,November,12,6,Sunday,1,2017-11
20140601,2014-06-01,2014,2,6,June,1,6,Sunday,1,2014-06
20161210,2016-12-10,2016,4,12,December,10,5,Saturday,1,2016-12
20160911,2016-09-11,2016,3,9,September,11,6,Sunday,1,2016-09
20151128,2015-11-28,2015,4,11,November,28,5,Saturday,1,2015-11
20170608,2017-06-08,2017,2,6,June,8,3,Thursday,0,2017-06
20140919,2014-09-19,2014,3,9,September,19,4,Friday,0,2014-09
20160606,2016-06-06,2016,2,6,June,6,0,Monday,0,2016-06
20151110,2015-11-10,2015,4,11,November,10,1,Tuesday,0,2015-11
20170616,2017-06-16,2017,2,6,June,16,4,Friday,0,2017-06
20160122,2016-01-22,2016,1,1,January,22,4,Friday,0,2016-01
20171228,2017-12-28,2017,4,12,December,28,3,Thursday,0,2017-12
20150730,2015-07-30,2015,3,7,July,30,3,Thursday,0,2015-07
20170916,2017-09-16,2017,3,9,September,16,5,Saturday,1,2017-09
20171013,2017-10-13,2017,4,10,October,13,4,Friday,0,2017-10
20150926,2015-09-26,2015,3,9,September,26,5,Saturday,1,2015-09
20151102,2015-11-02,2015,4,11,November,2,0,Monday,0,2015-11
20161218,2016-12-18,2016,4,12,December,18,6,Sunday,1,2016-12
20171119,2017-11-19,2017,4,11,November,19,6,Sunday,1,2017-11
20150504,2015-05-04,2015,2,5,May,4,0,Monday,0,2015-05
20141230,2014-12-30,2014,4,12,December,30,1,Tuesday,0,2014-12
20160912,2016-09-12,2016,3,9,September,12,0,Monday,0,2016-09
20140927,2014-09-27,2014,3,9,September,27,5,Saturday,1,2014-09
20140809,2014-08-09,2014,3,8,August,9,5,Saturday,1,2014-08
20141228,2014-12-28,2014,4,12,December,28,6,Sunday,1,2014-12
20141104,2014-11-04,2014,4,11,November,4,1,Tuesday,0,2014-11
20160423,2016-04-23,2016,2,4,April,23,5,Saturday,1,2016-04
20171103,2017-11-03,2017,4,11,November,3,4,Friday,0,2017-11
20160830,2016-08-30,2016,3,8,August,30,1,Tuesday,0,2016-08
20160425,2016-04-25,2016,2,4,April,25,0,Monday,0,2016-04
20150901,2015-09-01,2015,3,9,September,1,1,Tuesday,0,2015-09
20140712,2014-07-12,2014,3,7,July,12,5,Saturday,1,2014-07
20150622,2015-06-22,2015,2,6,June,22,0,Monday,0,2015-06
20140413,2014-04-13,2014,2,4,April,13,6,Sunday,1,2014-04
20151220,2015-12-20,2015,4,12,December,20,6,Sunday,1,2015-12
20170615,2017-06-15,2017,2,6,June,15,3,Thursday,0,2017-06
20170708,2017-07-08,2017,3,7,July,8,5,Saturday,1,2017-07
20160901,2016-09-01,2016,3,9,September,1,3,Thursday,0,2016-09
20160408,2016-04-08,2016,2,4,April,8,4,Friday,0,2016-04
20170308,2017-03-08,2017,1,3,March,8,2,Wednesday,0,2017-03
20170925,2017-09-25,2017,3,9,September,25,0,Monday,0,2017-09
20140924,2014-09-24,2014,3,9,September,24,2,Wednesday,0,2014-09
20161021,2016-10-21,2016,4,10,October,21,4,Friday,0,2016-10
20170529,2017-05-29,2017,2,5,May,29,0,Monday,0,2017-05
20140723,2014-07-23,2014,3,7,July,23,2,Wednesday,0,2014-07
20160928,2016-09-28,2016,3,9,September,28,2,Wednesday,0,2016-09
20170827,2017-08-27,2017,3,8,August,27,6,Sunday,1,2017-08
20150428,2015-04-28,2015,2,4,April,28,1,Tuesday,0,2015-04
20150626,2015-06-26,2015,2,6,June,26,4,Friday,0,2015-06
20151127,2015-11-27,2015,4,11,November,27,4,Friday,0,2015-11
20151203,2015-12-03,2015,4,12,December,3,3,Thursday,0,2015-12
20141124,2014-11-24,2014,4,11,November,24,0,Monday,0,2014-11
20171211,2017-12-11,2017,4,12,December,11,0,Monday,0,2017-12
20140921,2014-09-21,2014,3,9,September,21,6,Sunday,1,2014-09
20140607,2014-06-07,2014,2,6,June,7,5,Saturday,1,2014-06
20170630,2017-06-30,2017,2,6,June,30,4,Friday,0,2017-06
20171017,2017-10-17,2017,4,10,October,17,1,Tuesday,0,2017-10
20160908,2016-09-08,2016,3,9,September,8,3,Thursday,0,2016-09
20141224,2014-12-24,2014,4,12,December,24,2,Wednesday,0,2014-12
20140416,2014-04-16,2014,2,4,April,16,2,Wednesday,0,2014-04
20171224,2017-12-24,2017,4,12,December,24,6,Sunday,1,2017-12
20171208,2017-12-08,2017,4,12,December,8,4,Friday,0,2017-12
20160414,2016-04-14,2016,2,4,April,14,3,Thursday,0,2016-04
20170304,2017-03-04,2017,1,3,March,4,5,Saturday,1,2017-03
20140622,2014-06-22,2014,2,6,June,22,6,Sunday,1,2014-06
20170821,2017-08-21,2017,3,8,August,21,0,Monday,0,2017-08
20140912,2014-09-12,2014,3,9,September,12,4,Friday,0,2014-09
20171001,2017-10-01,2017,4,10,October,1,6,Sunday,1,2017-10
20160415,2016-04-15,2016,2,4,April,15,4,Friday,0,2016-04
20141219,2014-12-19,2014,4,12,December,19,4,Friday,0,2014-12
20170915,2017-09-15,2017,3,9,September,15,4,Friday,0,2017-09
20170120,2017-01-20,2017,1,1,January,20,4,Friday,0,2017-01
20170320,2017-03-20,2017,1,3,March,20,0,Monday,0,2017-03
20160401,2016-04-01,2016,2,4,April,1,4,Friday,0,2016-04
20171020,2017-10-20,2017,4,10,October,20,4,Friday,0,2017-10
20161213,2016-12-13,2016,4,12,December,13,1,Tuesday,0,2016-12
20140212,2014-02-12,2014,1,2,February,12,2,Wednesday,0,2014-02
20160926,2016-09-26,2016,3,9,September,26,0,Monday,0,2016-09
20160422,2016-04-22,2016,2,4,April,22,4,Friday,0,2016-04
20150117,2015-01-17,2015,1,1,January,17,5,Saturday,1,2015-01
20170331,2017-03-31,2017,1,3,March,31,4,Friday,0,2017-03
20161216,2016-12-16,2016,4,12,December,16,4,Friday,0,2016-12
20141109,2014-11-09,2014,4,11,November,9,6,Sunday,1,2014-11
20160712,2016-07-12,2016,3,7,July,12,1,Tuesday,0,2016-07
20161027,2016-10-27,2016,4,10,October,27,3,Thursday,0,2016-10
20160626,2016-06-26,2016,2,6,June,26,6,Sunday,1,2016-06
20141006,2014-10-06,2014,4,10,October,6,0,Monday,0,2014-10
20140722,2014-07-22,2014,3,7,July,22,1,Tuesday,0,2014-07
20170610,2017-06-10,2017,2,6,June,10,5,Saturday,1,2017-06
20141029,2014-10-29,2014,4,10,October,29,2,Wednesday,0,2014-10
20160509,2016-05-09,2016,2,5,May,9,0,Monday,0,2016-05
20160318,2016-03-18,2016,1,3,March,18,4,Friday,0,2016-03
20160725,2016-07-25,2016,3,7,July,25,0,Monday,0,2016-07
20160530,2016-05-30,2016,2,5,May,30,0,Monday,0,2016-05
20150316,2015-03-16,2015,1,3,March,16,0,Monday,0,2015-03
20171126,2017-11-26,2017,4,11,November,26,6,Sunday,1,2017-11
20161020,2016-10-20,2016,4,10,October,20,3,Thursday,0,2016-10
20171221,2017-12-21,2017,4,12,December,21,3,Thursday,0,2017-12
20170122,2017-01-22,2017,1,1,January,22,6,Sunday,1,2017-01
20150322,2015-03-22,2015,1,3,March,22,6,Sunday,1,2015-03
20170123,2017-01-23,2017,1,1,January,23,0,Monday,0,2017-01
20160521,2016-05-21,2016,2,5,May,21,5,Saturday,1,2016-05
20151226,2015-12-26,2015,4,12,December,26,5,Saturday,1,2015-12
20171021,2017-10-21,2017,4,10,October,21,5,Saturday,1,2017-10
20151107,2015-11-07,2015,4,11,November,7,5,Saturday,1,2015-11
20170907,2017-09-07,2017,3,9,September,7,3,Thursday,0,2017-09
20160529,2016-05-29,2016,2,5,May,29,6,Sunday,1,2016-05
20160710,2016-07-10,2016,3,7,July,10,6,Sunday,1,2016-07
20170903,2017-09-03,2017,3,9,September,3,6,Sunday,1,2017-09
20151207,2015-12-07,2015,4,12,December,7,0,Monday,0,2015-12
20140201,2014-02-01,2014,1,2,February,1,5,Saturday,1,2014-02
20160714,2016-07-14,2016,3,7,July,14,3,Thursday,0,2016-07
20151218,2015-12-18,2015,4,12,December,18,4,Friday,0,2015-12
20140511,2014-05-11,2014,2,5,May,11,6,Sunday,1,2014-05
20151115,2015-11-15,2015,4,11,November,15,6,Sunday,1,2015-11
20170911,2017-09-11,2017,3,9,September,11,0,Monday,0,2017-09
20171124,2017-11-24,2017,4,11,November,24,4,Friday,0,2017-11
20170629,2017-06-29,2017,2,6,June,29,3,Thursday,0,2017-06
20140303,2014-03-03,2014,1,3,March,3,0,Monday,0,2014-03
20160610,2016-06-10,2016,2,6,June,10,4,Friday,0,2016-06
20171120,2017-11-20,2017,4,11,November,20,0,Monday,0,2017-11
20171207,2017-12-07,2017,4,12,December,7,3,Thursday,0,2017-12
20150918,2015-09-18,2015,3,9,September,18,4,Friday,0,2015-09
20170720,2017-07-20,2017,3,7,July,20,3,Thursday,0,2017-07
20150910,2015-09-10,2015,3,9,September,10,3,Thursday,0,2015-09
20150703,2015-07-03,2015,3,7,July,3,4,Friday,0,2015-07
20160320,2016-03-20,2016,1,3,March,20,6,Sunday,1,2016-03
20140109,2014-01-09,2014,1,1,January,9,3,Thursday,0,2014-01
20140808,2014-08-08,2014,3,8,August,8,4,Friday,0,2014-08
20140315,2014-03-15,2014,1,3,March,15,5,Saturday,1,2014-03
20140523,2014-05-23,2014,2,5,May,23,4,Friday,0,2014-05
20160428,2016-04-28,2016,2,4,April,28,3,Thursday,0,2016-04
20171114,2017-11-14,2017,4,11,November,14,1,Tuesday,0,2017-11
20170818,2017-08-18,2017,3,8,August,18,4,Friday,0,2017-08
20151129,2015-11-29,2015,4,11,November,29,6,Sunday,1,2015-11
20170519,2017-05-19,2017,2,5,May,19,4,Friday,0,2017-05
20170924,2017-09-24,2017,3,9,September,24,6,Sunday,1,2017-09
20151004,2015-10-04,2015,4,10,October,4,6,Sunday,1,2015-10
20160815,2016-08-15,2016,3,8,August,15,0,Monday,0,2016-08
20160520,2016-05-20,2016,2,5,May,20,4,Friday,0,2016-05
20170730,2017-07-30,2017,3,7,July,30,6,Sunday,1,2017-07
20170721,2017-07-21,2017,3,7,July,21,4,Friday,0,2017-07
20171230,2017-12-30,2017,4,12,December,30,5,Saturday,1,2017-12
20161023,2016-10-23,2016,4,10,October,23,6,Sunday,1,2016-10
20170619,2017-06-19,2017,2,6,June,19,0,Monday,0,2017-06
20160822,2016-08-22,2016,3,8,August,22,0,Monday,0,2016-08
20160919,2016-09-19,2016,3,9,September,19,0,Monday,0,2016-09
20150824,2015-08-24,2015,3,8,August,24,0,Monday,0,2015-08
20160326,2016-03-26,2016,1,3,March,26,5,Saturday,1,2016-03
20161104,2016-11-04,2016,4,11,November,4,4,Friday,0,2016-11
20170609,2017-06-09,2017,2,6,June,9,4,Friday,0,2017-06
20171205,2017-12-05,2017,4,12,December,5,1,Tuesday,0,2017-12
20170318,2017-03-18,2017,1,3,March,18,5,Saturday,1,2017-03
20161119,2016-11-19,2016,4,11,November,19,5,Saturday,1,2016-11
20171104,2017-11-04,2017,4,11,November,4,5,Saturday,1,2017-11
20140705,2014-07-05,2014,3,7,July,5,5,Saturday,1,2014-07
20140621,2014-06-21,2014,2,6,June,21,5,Saturday,1,2014-06
20150328,2015-03-28,2015,1,3,March,28,5,Saturday,1,2015-03
20150514,2015-05-14,2015,2,5,May,14,3,Thursday,0,2015-05
20170902,2017-09-02,2017,3,9,September,2,5,Saturday,1,2017-09
20150409,2015-04-09,2015,2,4,April,9,3,Thursday,0,2015-04
20141202,2014-12-02,2014,4,12,December,2,1,Tuesday,0,2014-12
20140405,2014-04-05,2014,2,4,April,5,5,Saturday,1,2014-04
20140701,2014-07-01,2014,3,7,July,1,1,Tuesday,0,2014-07
20140111,2014-01-11,2014,1,1,January,11,5,Saturday,1,2014-01
20140602,2014-06-02,2014,2,6,June,2,0,Monday,0,2014-06
20160213,2016-02-13,2016,1,2,February,13,5,Saturday,1,2016-02
20161215,2016-12-15,2016,4,12,December,15,3,Thursday,0,2016-12
20141007,2014-10-07,2014,4,10,October,7,1,Tuesday,0,2014-10
20160707,2016-07-07,2016,3,7,July,7,3,Thursday,0,2016-07
20161203,2016-12-03,2016,4,12,December,3,5,Saturday,1,2016-12
20170121,2017-01-21,2017,1,1,January,21,5,Saturday,1,2017-01
20140104,2014-01-04,2014,1,1,January,4,5,Saturday,1,2014-01
20160827,2016-08-27,2016,3,8,August,27,5,Saturday,1,2016-08
20140527,2014-05-27,2014,2,5,May,27,1,Tuesday,0,2014-05
20171002,2017-10-02,2017,4,10,October,2,0,Monday,0,2017-10
20160407,2016-04-07,2016,2,4,April,7,3,Thursday,0,2016-04
20141229,2014-12-29,2014,4,12,December,29,0,Monday,0,2014-12
20170723,2017-07-23,2017,3,7,July,23,6,Sunday,1,2017-07
20150831,2015-08-31,2015,3,8,August,31,0,Monday,0,2015-08
20150208,2015-02-08,2015,1,2,February,8,6,Sunday,1,2015-02
20140113,2014-01-13,2014,1,1,January,13,0,Monday,0,2014-01
20140514,2014-05-14,2014,2,5,May,14,2,Wednesday,0,2014-05
20160519,2016-05-19,2016,2,5,May,19,3,Thursday,0,2016-05
20170130,2017-01-30,2017,1,1,January,30,0,Monday,0,2017-01
20140629,2014-06-29,2014,2,6,June,29,6,Sunday,1,2014-06
20150821,2015-08-21,2015,3,8,August,21,4,Friday,0,2015-08
20151003,2015-10-03,2015,4,10,October,3,5,Saturday,1,2015-10
20150523,2015-05-23,2015,2,5,May,23,5,Saturday,1,2015-05
20170317,2017-03-17,2017,1,3,March,17,4,Friday,0,2017-03
20151212,2015-12-12,2015,4,12,December,12,5,Saturday,1,2015-12
20170921,2017-09-21,2017,3,9,September,21,3,Thursday,0,2017-09
20170220,2017-02-20,2017,1,2,February,20,0,Monday,0,2017-02
20160818,2016-08-18,2016,3,8,August,18,3,Thursday,0,2016-08
20160312,2016-03-12,2016,1,3,March,12,5,Saturday,1,2016-03
20170422,2017-04-22,2017,2,4,April,22,5,Saturday,1,2017-04
20141101,2014-11-01,2014,4,11,November,1,5,Saturday,1,2014-11
20150203,2015-02-03,2015,1,2,February,3,1,Tuesday,0,2015-02
20141013,2014-10-13,2014,4,10,October,13,0,Monday,0,2014-10
20170514,2017-05-14,2017,2,5,May,14,6,Sunday,1,2017-05
20150320,2015-03-20,2015,1,3,March,20,4,Friday,0,2015-03
20160915,2016-09-15,2016,3,9,September,15,3,Thursday,0,2016-09
20140628,2014-06-28,2014,2,6,June,28,5,Saturday,1,2014-06
20170620,2017-06-20,2017,2,6,June,20,1,Tuesday,0,2017-06
20140509,2014-05-09,2014,2,5,May,9,4,Friday,0,2014-05
20160723,2016-07-23,2016,3,7,July,23,5,Saturday,1,2016-07
20160307,2016-03-07,2016,1,3,March,7,0,Monday,0,2016-03
20151120,2015-11-20,2015,4,11,November,20,4,Friday,0,2015-11
20151013,2015-10-13,2015,4,10,October,13,1,Tuesday,0,2015-10
20170101,2017-01-01,2017,1,1,January,1,6,Sunday,1,2017-01
20140207,2014-02-07,2014,1,2,February,7,4,Friday,0,2014-02
20160528,2016-05-28,2016,2,5,May,28,5,Saturday,1,2016-05
20160219,2016-02-19,2016,1,2,February,19,4,Friday,0,2016-02
20170410,2017-04-10,2017,2,4,April,10,0,Monday,0,2017-04
20160105,2016-01-05,2016,1,1,January,5,1,Tuesday,0,2016-01
20140110,2014-01-10,2014,1,1,January,10,4,Friday,0,2014-01
20160929,2016-09-29,2016,3,9,September,29,3,Thursday,0,2016-09
20140406,2014-04-06,2014,2,4,April,6,6,Sunday,1,2014-04
20160903,2016-09-03,2016,3,9,September,3,5,Saturday,1,2016-09
20151019,2015-10-19,2015,4,10,October,19,0,Monday,0,2015-10
20141210,2014-12-10,2014,4,12,December,10,2,Wednesday,0,2014-12
20170825,2017-08-25,2017,3,8,August,25,4,Friday,0,2017-08
20160117,2016-01-17,2016,1,1,January,17,6,Sunday,1,2016-01
20140917,2014-09-17,2014,3,9,September,17,2,Wednesday,0,2014-09
20171130,2017-11-30,2017,4,11,November,30,3,Thursday,0,2017-11
20151009,2015-10-09,2015,4,10,October,9,4,Friday,0,2015-10
20171223,2017-12-23,2017,4,12,December,23,5,Saturday,1,2017-12
20161022,2016-10-22,2016,4,10,October,22,5,Saturday,1,2016-10
20140429,2014-04-29,2014,2,4,April,29,1,Tuesday,0,2014-04
20150425,2015-04-25,2015,2,4,April,25,5,Saturday,1,2015-04
20170626,2017-06-26,2017,2,6,June,26,0,Monday,0,2017-06
20171014,2017-10-14,2017,4,10,October,14,5,Saturday,1,2017-10
20141209,2014-12-09,2014,4,12,December,9,1,Tuesday,0,2014-12
20161110,2016-11-10,2016,4,11,November,10,3,Thursday,0,2016-11
20161003,2016-10-03,2016,4,10,October,3,0,Monday,0,2016-10
20140909,2014-09-09,2014,3,9,September,9,1,Tuesday,0,2014-09
20171029,2017-10-29,2017,4,10,October,29,6,Sunday,1,2017-10
20160410,2016-04-10,2016,2,4,April,10,6,Sunday,1,2016-04
20171111,2017-11-11,2017,4,11,November,11,5,Saturday,1,2017-11
20171127,2017-11-27,2017,4,11,November,27,0,Monday,0,2017-11
20140615,2014-06-15,2014,2,6,June,15,6,Sunday,1,2014-06
20160305,2016-03-05,2016,1,3,March,5,5,Saturday,1,2016-03
20150411,2015-04-11,2015,2,4,April,11,5,Saturday,1,2015-04
20151005,2015-10-05,2015,4,10,October,5,0,Monday,0,2015-10
20170414,2017-04-14,2017,2,4,April,14,4,Friday,0,2017-04
20151213,2015-12-13,2015,4,12,December,13,6,Sunday,1,2015-12
20160619,2016-06-19,2016,2,6,June,19,6,Sunday,1,2016-06
20150529,2015-05-29,2015,2,5,May,29,4,Friday,0,2015-05
20150726,2015-07-26,2015,3,7,July,26,6,Sunday,1,2015-07
20171128,2017-11-28,2017,4,11,November,28,1,Tuesday,0,2017-11
20170403,2017-04-03,2017,2,4,April,3,0,Monday,0,2017-04
20170515,2017-05-15,2017,2,5,May,15,0,Monday,0,2017-05
20150922,2015-09-22,2015,3,9,September,22,1,Tuesday,0,2015-09
20140922,2014-09-22,2014,3,9,September,22,0,Monday,0,2014-09
20170409,2017-04-09,2017,2,4,April,9,6,Sunday,1,2017-04
20140116,2014-01-16,2014,1,1,January,16,3,Thursday,0,2014-01
20171005,2017-10-05,2017,4,10,October,5,3,Thursday,0,2017-10
20170709,2017-07-09,2017,3,7,July,9,6,Sunday,1,2017-07
20170107,2017-01-07,2017,1,1,January,7,5,Saturday,1,2017-01
20151209,2015-12-09,2015,4,12,December,9,2,Wednesday,0,2015-12
20170929,2017-09-29,2017,3,9,September,29,4,Friday,0,2017-09
20150310,2015-03-10,2015,1,3,March,10,1,Tuesday,0,2015-03
20170521,2017-05-21,2017,2,5,May,21,6,Sunday,1,2017-05
20150329,2015-03-29,2015,1,3,March,29,6,Sunday,1,2015-03
20160909,2016-09-09,2016,3,9,September,9,4,Friday,0,2016-09
20160826,2016-08-26,2016,3,8,August,26,4,Friday,0,2016-08
20140521,2014-05-21,2014,2,5,May,21,2,Wednesday,0,2014-05
20151028,2015-10-28,2015,4,10,October,28,2,Wednesday,0,2015-10
20161113,2016-11-13,2016,4,11,November,13,6,Sunday,1,2016-11
20150731,2015-07-31,2015,3,7,July,31,4,Friday,0,2015-07
20150827,2015-08-27,2015,3,8,August,27,3,Thursday,0,2015-08
20151106,2015-11-06,2015,4,11,November,6,4,Friday,0,2015-11
20171226,2017-12-26,2017,4,12,December,26,1,Tuesday,0,2017-12
20170801,2017-08-01,2017,3,8,August,1,1,Tuesday,0,2017-08
20151221,2015-12-21,2015,4,12,December,21,0,Monday,0,2015-12
20150706,2015-07-06,2015,3,7,July,6,0,Monday,0,2015-07
20150427,2015-04-27,2015,2,4,April,27,0,Monday,0,2015-04
20150616,2015-06-16,2015,2,6,June,16,1,Tuesday,0,2015-06
20160111,2016-01-11,2016,1,1,January,11,0,Monday,0,2016-01
20140711,2014-07-11,2014,3,7,July,11,4,Friday,0,2014-07
20150613,2015-06-13,2015,2,6,June,13,5,Saturday,1,2015-06
20171012,2017-10-12,2017,4,10,October,12,3,Thursday,0,2017-10
20160308,2016-03-08,2016,1,3,March,8,1,Tuesday,0,2016-03
20150404,2015-04-04,2015,2,4,April,4,5,Saturday,1,2015-04
20171210,2017-12-10,2017,4,12,December,10,6,Sunday,1,2017-12
20161124,2016-11-24,2016,4,11,November,24,3,Thursday,0,2016-11
20150323,2015-03-23,2015,1,3,March,23,0,Monday,0,2015-03
20150416,2015-04-16,2015,2,4,April,16,3,Thursday,0,2015-04
20161001,2016-10-01,2016,4,10,October,1,5,Saturday,1,2016-10
20170928,2017-09-28,2017,3,9,September,28,3,Thursday,0,2017-09
20150725,2015-07-25,2015,3,7,July,25,5,Saturday,1,2015-07
20161112,2016-11-12,2016,4,11,November,12,5,Saturday,1,2016-11
20170923,2017-09-23,2017,3,9,September,23,5,Saturday,1,2017-09
20160301,2016-03-01,2016,1,3,March,1,1,Tuesday,0,2016-03
20160812,2016-08-12,2016,3,8,August,12,4,Friday,0,2016-08
20170604,2017-06-04,2017,2,6,June,4,6,Sunday,1,2017-06
20151206,2015-12-06,2015,4,12,December,6,6,Sunday,1,2015-12
20140625,2014-06-25,2014,2,6,June,25,2,Wednesday,0,2014-06
20160614,2016-06-14,2016,2,6,June,14,1,Tuesday,0,2016-06
20171218,2017-12-18,2017,4,12,December,18,0,Monday,0,2017-12
20160722,2016-07-22,2016,3,7,July,22,4,Friday,0,2016-07
20150904,2015-09-04,2015,3,9,September,4,4,Friday,0,2015-09
20140120,2014-01-20,2014,1,1,January,20,0,Monday,0,2014-01
20160412,2016-04-12,2016,2,4,April,12,1,Tuesday,0,2016-04
20161206,2016-12-06,2016,4,12,December,6,1,Tuesday,0,2016-12
20160605,2016-06-05,2016,2,6,June,5,6,Sunday,1,2016-06
20140929,2014-09-29,2014,3,9,September,29,0,Monday,0,2014-09
20150508,2015-05-08,2015,2,5,May,8,4,Friday,0,2015-05
20161231,2016-12-31,2016,4,12,December,31,5,Saturday,1,2016-12
20141220,2014-12-20,2014,4,12,December,20,5,Saturday,1,2014-12
20160702,2016-07-02,2016,3,7,July,2,5,Saturday,1,2016-07
20140901,2014-09-01,2014,3,9,September,1,0,Monday,0,2014-09
20140504,2014-05-04,2014,2,5,May,4,6,Sunday,1,2014-05
20140310,2014-03-10,2014,1,3,March,10,0,Monday,0,2014-03
20140421,2014-04-21,2014,2,4,April,21,0,Monday,0,2014-04
20151022,2015-10-22,2015,4,10,October,22,3,Thursday,0,2015-10
20150822,2015-08-22,2015,3,8,August,22,5,Saturday,1,2015-08
20141227,2014-12-27,2014,4,12,December,27,5,Saturday,1,2014-12
20160424,2016-04-24,2016,2,4,April,24,6,Sunday,1,2016-04
20170114,2017-01-14,2017,1,1,January,14,5,Saturday,1,2017-01
20170226,2017-02-26,2017,1,2,February,26,6,Sunday,1,2017-02
20150915,2015-09-15,2015,3,9,September,15,1,Tuesday,0,2015-09
20160718,2016-07-18,2016,3,7,July,18,0,Monday,0,2016-07
20170909,2017-09-09,2017,3,9,September,9,5,Saturday,1,2017-09
20161204,2016-12-04,2016,4,12,December,4,6,Sunday,1,2016-12
20140811,2014-08-11,2014,3,8,August,11,0,Monday,0,2014-08
20160215,2016-02-15,2016,1,2,February,15,0,Monday,0,2016-02
20141212,2014-12-12,2014,4,12,December,12,4,Friday,0,2014-12
20150704,2015-07-04,2015,3,7,July,4,5,Saturday,1,2015-07
20170310,2017-03-10,2017,1,3,March,10,4,Friday,0,2017-03
20161224,2016-12-24,2016,4,12,December,24,5,Saturday,1,2016-12
20171023,2017-10-23,2017,4,10,October,23,0,Monday,0,2017-10
20170707,2017-07-07,2017,3,7,July,7,4,Friday,0,2017-07
20160421,2016-04-21,2016,2,4,April,21,3,Thursday,0,2016-04
20160526,2016-05-26,2016,2,5,May,26,3,Thursday,0,2016-05
20160502,2016-05-02,2016,2,5,May,2,0,Monday,0,2016-05
20161122,2016-11-22,2016,4,11,November,22,1,Tuesday,0,2016-11
20150525,2015-05-25,2015,2,5,May,25,0,Monday,0,2015-05
20161223,2016-12-23,2016,4,12,December,23,4,Friday,0,2016-12
20150919,2015-09-19,2015,3,9,September,19,5,Saturday,1,2015-09
20170703,2017-07-03,2017,3,7,July,3,0,Monday,0,2017-07
20160924,2016-09-24,2016,3,9,September,24,5,Saturday,1,2016-09
20170203,2017-02-03,2017,1,2,February,3,4,Friday,0,2017-02
20170303,2017-03-03,2017,1,3,March,3,4,Friday,0,2017-03
20171009,2017-10-09,2017,4,10,October,9,0,Monday,0,2017-10
20140928,2014-09-28,2014,3,9,September,28,6,Sunday,1,2014-09
20150614,2015-06-14,2015,2,6,June,14,6,Sunday,1,2015-06
20160330,2016-03-30,2016,1,3,March,30,2,Wednesday,0,2016-03
20171015,2017-10-15,2017,4,10,October,15,6,Sunday,1,2017-10
20160523,2016-05-23,2016,2,5,May,23,0,Monday,0,2016-05
20170602,2017-06-02,2017,2,6,June,2,4,Friday,0,2017-06
20140216,2014-02-16,2014,1,2,February,16,6,Sunday,1,2014-02
20140506,2014-05-06,2014,2,5,May,6,1,Tuesday,0,2014-05
20160516,2016-05-16,2016,2,5,May,16,0,Monday,0,2016-05
20170402,2017-04-02,2017,2,4,April,2,6,Sunday,1,2017-04
20170102,2017-01-02,2017,1,1,January,2,0,Monday,0,2017-01
20140317,2014-03-17,2014,1,3,March,17,0,Monday,0,2014-03
20141003,2014-10-03,2014,4,10,October,3,4,Friday,0,2014-10
20160328,2016-03-28,2016,1,3,March,28,0,Monday,0,2016-03
20170504,2017-05-04,2017,2,5,May,4,3,Thursday,0,2017-05
20160505,2016-05-05,2016,2,5,May,5,3,Thursday,0,2016-05
20170426,2017-04-26,2017,2,4,April,26,2,Wednesday,0,2017-04
20140926,2014-09-26,2014,3,9,September,26,4,Friday,0,2014-09
20171110,2017-11-10,2017,4,11,November,10,4,Friday,0,2017-11
20170307,2017-03-07,2017,1,3,March,7,1,Tuesday,0,2017-03
20140401,2014-04-01,2014,2,4,April,1,1,Tuesday,0,2014-04
20150914,2015-09-14,2015,3,9,September,14,0,Monday,0,2015-09
20140804,2014-08-04,2014,3,8,August,4,0,Monday,0,2014-08
20160205,2016-02-05,2016,1,2,February,5,4,Friday,0,2016-02
20161101,2016-11-01,2016,4,11,November,1,1,Tuesday,0,2016-11
20160419,2016-04-19,2016,2,4,April,19,1,Tuesday,0,2016-04
20160902,2016-09-02,2016,3,9,September,2,4,Friday,0,2016-09
20160925,2016-09-25,2016,3,9,September,25,6,Sunday,1,2016-09
20160709,2016-07-09,2016,3,7,July,9,5,Saturday,1,2016-07
20140630,2014-06-30,2014,2,6,June,30,0,Monday,0,2014-06
20170128,2017-01-28,2017,1,1,January,28,5,Saturday,1,2017-01
20150921,2015-09-21,2015,3,9,September,21,0,Monday,0,2015-09
20161226,2016-12-26,2016,4,12,December,26,0,Monday,0,2016-12
20170412,2017-04-12,2017,2,4,April,12,2,Wednesday,0,2017-04
20171219,2017-12-19,2017,4,12,December,19,1,Tuesday,0,2017-12
20170805,2017-08-05,2017,3,8,August,5,5,Saturday,1,2017-08
20151001,2015-10-01,2015,4,10,October,1,3,Thursday,0,2015-10
20170613,2017-06-13,2017,2,6,June,13,1,Tuesday,0,2017-06
20140423,2014-04-23,2014,2,4,April,23,2,Wednesday,0,2014-04
20150501,2015-05-01,2015,2,5,May,1,4,Friday,0,2015-05
20150719,2015-07-19,2015,3,7,July,19,6,Sunday,1,2015-07
20161126,2016-11-26,2016,4,11,November,26,5,Saturday,1,2016-11
20170612,2017-06-12,2017,2,6,June,12,0,Monday,0,2017-06
20150817,2015-08-17,2015,3,8,August,17,0,Monday,0,2015-08
20151201,2015-12-01,2015,4,12,December,1,1,Tuesday,0,2015-12
20150516,2015-05-16,2015,2,5,May,16,5,Saturday,1,2015-05
20150924,2015-09-24,2015,3,9,September,24,3,Thursday,0,2015-09
20170711,2017-07-11,2017,3,7,July,11,1,Tuesday,0,2017-07
20170319,2017-03-19,2017,1,3,March,19,6,Sunday,1,2017-03
20161202,2016-12-02,2016,4,12,December,2,4,Friday,0,2016-12
20161014,2016-10-14,2016,4,10,October,14,4,Friday,0,2016-10
20141127,2014-11-27,2014,4,11,November,27,3,Thursday,0,2014-11
20151103,2015-11-03,2015,4,11,November,3,1,Tuesday,0,2015-11
20141129,2014-11-29,2014,4,11,November,29,5,Saturday,1,2014-11
20170430,2017-04-30,2017,2,4,April,30,6,Sunday,1,2017-04
20171030,2017-10-30,2017,4,10,October,30,0,Monday,0,2017-10
20141217,2014-12-17,2014,4,12,December,17,2,Wednesday,0,2014-12
20170904,2017-09-04,2017,3,9,September,4,0,Monday,0,2017-09
20161017,2016-10-17,2016,4,10,October,17,0,Monday,0,2016-10
20150801,2015-08-01,2015,3,8,August,1,5,Saturday,1,2015-08
20170912,2017-09-12,2017,3,9,September,12,1,Tuesday,0,2017-09
20140203,2014-02-03,2014,1,2,February,3,0,Monday,0,2014-02
20170211,2017-02-11,2017,1,2,February,11,5,Saturday,1,2017-02
20170416,2017-04-16,2017,2,4,April,16,6,Sunday,1,2017-04
20150326,2015-03-26,2015,1,3,March,26,3,Thursday,0,2015-03
20170831,2017-08-31,2017,3,8,August,31,3,Thursday,0,2017-08
20170210,2017-02-10,2017,1,2,February,10,4,Friday,0,2017-02
20161029,2016-10-29,2016,4,10,October,29,5,Saturday,1,2016-10
20140311,2014-03-11,2014,1,3,March,11,1,Tuesday,0,2014-03
20140204,2014-02-04,2014,1,2,February,4,1,Tuesday,0,2014-02
20141231,2014-12-31,2014,4,12,December,31,2,Wednesday,0,2014-12
20151123,2015-11-23,2015,4,11,November,23,0,Monday,0,2015-11
20140706,2014-07-06,2014,3,7,July,6,6,Sunday,1,2014-07
20140503,2014-05-03,2014,2,5,May,3,5,Saturday,1,2014-05
20171016,2017-10-16,2017,4,10,October,16,0,Monday,0,2017-10
20150206,2015-02-06,2015,1,2,February,6,4,Friday,0,2015-02
20160409,2016-04-09,2016,2,4,April,9,5,Saturday,1,2016-04
20140404,2014-04-04,2014,2,4,April,4,4,Friday,0,2014-04
20170905,2017-09-05,2017,3,9,September,5,1,Tuesday,0,2017-09
20151109,2015-11-09,2015,4,11,November,9,0,Monday,0,2015-11
20140304,2014-03-04,2014,1,3,March,4,1,Tuesday,0,2014-03
20150319,2015-03-19,2015,1,3,March,19,3,Thursday,0,2015-03
20170611,2017-06-11,2017,2,6,June,11,6,Sunday,1,2017-06
20141123,2014-11-23,2014,4,11,November,23,6,Sunday,1,2014-11
20141215,2014-12-15,2014,4,12,December,15,0,Monday,0,2014-12
20160227,2016-02-27,2016,1,2,February,27,5,Saturday,1,2016-02
20160512,2016-05-12,2016,2,5,May,12,3,Thursday,0,2016-05
20150623,2015-06-23,2015,2,6,June,23,1,Tuesday,0,2015-06
20141019,2014-10-19,2014,4,10,October,19,6,Sunday,1,2014-10
20150324,2015-03-24,2015,1,3,March,24,1,Tuesday,0,2015-03
20170508,2017-05-08,2017,2,5,May,8,0,Monday,0,2017-05
20160508,2016-05-08,2016,2,5,May,8,6,Sunday,1,2016-05
20140526,2014-05-26,2014,2,5,May,26,0,Monday,0,2014-05
20160315,2016-03-15,2016,1,3,March,15,1,Tuesday,0,2016-03
20150810,2015-08-10,2015,3,8,August,10,0,Monday,0,2015-08
20160910,2016-09-10,2016,3,9,September,10,5,Saturday,1,2016-09
20151219,2015-12-19,2015,4,12,December,19,5,Saturday,1,2015-12
20151116,2015-11-16,2015,4,11,November,16,0,Monday,0,2015-11
20170621,2017-06-21,2017,2,6,June,21,2,Wednesday,0,2017-06
20151101,2015-11-01,2015,4,11,November,1,6,Sunday,1,2015-11
20140829,2014-08-29,2014,3,8,August,29,4,Friday,0,2014-08
20171118,2017-11-18,2017,4,11,November,18,5,Saturday,1,2017-11
20140512,2014-05-12,2014,2,5,May,12,0,Monday,0,2014-05
20150110,2015-01-10,2015,1,1,January,10,5,Saturday,1,2015-01
20160322,2016-03-22,2016,1,3,March,22,1,Tuesday,0,2016-03
20151211,2015-12-11,2015,4,12,December,11,4,Friday,0,2015-12
20160518,2016-05-18,2016,2,5,May,18,2,Wednesday,0,2016-05
20140907,2014-09-07,2014,3,9,September,7,6,Sunday,1,2014-09
20170424,2017-04-24,2017,2,4,April,24,0,Monday,0,2017-04
20140816,2014-08-16,2014,3,8,August,16,5,Saturday,1,2014-08
20160314,2016-03-14,2016,1,3,March,14,0,Monday,0,2016-03
20140603,2014-06-03,2014,2,6,June,3,1,Tuesday,0,2014-06
20150713,2015-07-13,2015,3,7,July,13,0,Monday,0,2015-07
20140202,2014-02-02,2014,1,2,February,2,6,Sunday,1,2014-02
20150130,2015-01-30,2015,1,1,January,30,4,Friday,0,2015-01
20170908,2017-09-08,2017,3,9,September,8,4,Friday,0,2017-09
20171007,2017-10-07,2017,4,10,October,7,5,Saturday,1,2017-10
20160430,2016-04-30,2016,2,4,April,30,5,Saturday,1,2016-04
20170429,2017-04-29,2017,2,4,April,29,5,Saturday,1,2017-04
20160207,2016-02-07,2016,1,2,February,7,6,Sunday,1,2016-02
20170729,2017-07-29,2017,3,7,July,29,5,Saturday,1,2017-07
20140606,2014-06-06,2014,2,6,June,6,4,Friday,0,2014-06
20160813,2016-08-13,2016,3,8,August,13,5,Saturday,1,2016-08
20140425,2014-04-25,2014,2,4,April,25,4,Friday,0,2014-04
20171202,2017-12-02,2017,4,12,December,2,5,Saturday,1,2017-12
20151208,2015-12-08,2015,4,12,December,8,1,Tuesday,0,2015-12
20140105,2014-01-05,2014,1,1,January,5,6,Sunday,1,2014-01
20150905,2015-09-05,2015,3,9,September,5,5,Saturday,1,2015-09
20160804,2016-08-04,2016,3,8,August,4,3,Thursday,0,2016-08
20140322,2014-03-22,2014,1,3,March,22,5,Saturday,1,2014-03
20170302,2017-03-02,2017,1,3,March,2,3,Thursday,0,2017-03
20161127,2016-11-27,2016,4,11,November,27,6,Sunday,1,2016-11
20140428,2014-04-28,2014,2,4,April,28,0,Monday,0,2014-04
20161111,2016-11-11,2016,4,11,November,11,4,Friday,0,2016-11
20150709,2015-07-09,2015,3,7,July,9,3,Thursday,0,2015-07
20170922,2017-09-22,2017,3,9,September,22,4,Friday,0,2017-09
20150215,2015-02-15,2015,1,2,February,15,6,Sunday,1,2015-02
20140930,2014-09-30,2014,3,9,September,30,1,Tuesday,0,2014-09
20141201,2014-12-01,2014,4,12,December,1,0,Monday,0,2014-12
20141208,2014-12-08,2014,4,12,December,8,0,Monday,0,2014-12
20160808,2016-08-08,2016,3,8,August,8,0,Monday,0,2016-08
20161225,2016-12-25,2016,4,12,December,25,6,Sunday,1,2016-12
20160211,2016-02-11,2016,1,2,February,11,3,Thursday,0,2016-02
20150604,2015-06-04,2015,2,6,June,4,3,Thursday,0,2015-06
20140525,2014-05-25,2014,2,5,May,25,6,Sunday,1,2014-05
20160216,2016-02-16,2016,1,2,February,16,1,Tuesday,0,2016-02
20161222,2016-12-22,2016,4,12,December,22,3,Thursday,0,2016-12
20160208,2016-02-08,2016,1,2,February,8,0,Monday,0,2016-02
20140518,2014-05-18,2014,2,5,May,18,6,Sunday,1,2014-05
20151105,2015-11-05,2015,4,11,November,5,3,Thursday,0,2015-11
20170219,2017-02-19,2017,1,2,February,19,6,Sunday,1,2017-02
20140801,2014-08-01,2014,3,8,August,1,4,Friday,0,2014-08
20170112,2017-01-12,2017,1,1,January,12,3,Thursday,0,2017-01
20150720,2015-07-20,2015,3,7,July,20,0,Monday,0,2015-07
20140613,2014-06-13,2014,2,6,June,13,4,Friday,0,2014-06
20170512,2017-05-12,2017,2,5,May,12,4,Friday,0,2017-05
20170326,2017-03-26,2017,1,3,March,26,6,Sunday,1,2017-03
20141112,2014-11-12,2014,4,11,November,12,2,Wednesday,0,2014-11
20150625,2015-06-25,2015,2,6,June,25,3,Thursday,0,2015-06
20140721,2014-07-21,2014,3,7,July,21,0,Monday,0,2014-07
20171121,2017-11-21,2017,4,11,November,21,1,Tuesday,0,2017-11
20140604,2014-06-04,2014,2,6,June,4,2,Wednesday,0,2014-06
20160310,2016-03-10,2016,1,3,March,10,3,Thursday,0,2016-03
20170325,2017-03-25,2017,1,3,March,25,5,Saturday,1,2017-03
20171229,2017-12-29,2017,4,12,December,29,4,Friday,0,2017-12
20170328,2017-03-28,2017,1,3,March,28,1,Tuesday,0,2017-03
20150305,2015-03-05,2015,1,3,March,5,3,Thursday,0,2015-03
20170119,2017-01-19,2017,1,1,January,19,3,Thursday,0,2017-01
20141021,2014-10-21,2014,4,10,October,21,1,Tuesday,0,2014-10
20140314,2014-03-14,2014,1,3,March,14,4,Friday,0,2014-03
20151231,2015-12-31,2015,4,12,December,31,3,Thursday,0,2015-12
20171003,2017-10-03,2017,4,10,October,3,1,Tuesday,0,2017-10
20160629,2016-06-29,2016,2,6,June,29,2,Wednesday,0,2016-06
20160820,2016-08-20,2016,3,8,August,20,5,Saturday,1,2016-08
20160517,2016-05-17,2016,2,5,May,17,1,Tuesday,0,2016-05
20161115,2016-11-15,2016,4,11,November,15,1,Tuesday,0,2016-11
20140115,2014-01-15,2014,1,1,January,15,2,Wednesday,0,2014-01
20151108,2015-11-08,2015,4,11,November,8,6,Sunday,1,2015-11
20151030,2015-10-30,2015,4,10,October,30,4,Friday,0,2015-10
20170817,2017-08-17,2017,3,8,August,17,3,Thursday,0,2017-08
20160708,2016-07-08,2016,3,7,July,8,4,Friday,0,2016-07
20170309,2017-03-09,2017,1,3,March,9,3,Thursday,0,2017-03
20160609,2016-06-09,2016,2,6,June,9,3,Thursday,0,2016-06
20170316,2017-03-16,2017,1,3,March,16,3,Thursday,0,2017-03
20170806,2017-08-06,2017,3,8,August,6,6,Sunday,1,2017-08
20170829,2017-08-29,2017,3,8,August,29,1,Tuesday,0,2017-08
20170506,2017-05-06,2017,2,5,May,6,5,Saturday,1,2017-05
20141214,2014-12-14,2014,4,12,December,14,6,Sunday,1,2014-12
20141018,2014-10-18,2014,4,10,October,18,5,Saturday,1,2014-10
20151214,2015-12-14,2015,4,12,December,14,0,Monday,0,2015-12
20141203,2014-12-03,2014,4,12,December,3,2,Wednesday,0,2014-12
20141125,2014-11-25,2014,4,11,November,25,1,Tuesday,0,2014-11
20170224,2017-02-24,2017,1,2,February,24,4,Friday,0,2017-02
20170625,2017-06-25,2017,2,6,June,25,6,Sunday,1,2017-06
20140206,2014-02-06,2014,1,2,February,6,3,Thursday,0,2014-02
20170411,2017-04-11,2017,2,4,April,11,1,Tuesday,0,2017-04
20170803,2017-08-03,2017,3,8,August,3,3,Thursday,0,2017-08
20141115,2014-11-15,2014,4,11,November,15,5,Saturday,1,2014-11
20170820,2017-08-20,2017,3,8,August,20,6,Sunday,1,2017-08
20150313,2015-03-13,2015,1,3,March,13,4,Friday,0,2015-03
20151126,2015-11-26,2015,4,11,November,26,3,Thursday,0,2015-11
20150123,2015-01-23,2015,1,1,January,23,4,Friday,0,2015-01
20150618,2015-06-18,2015,2,6,June,18,3,Thursday,0,2015-06
20151002,2015-10-02,2015,4,10,October,2,4,Friday,0,2015-10
20140817,2014-08-17,2014,3,8,August,17,6,Sunday,1,2014-08
20150711,2015-07-11,2015,3,7,July,11,5,Saturday,1,2015-07
20141031,2014-10-31,2014,4,10,October,31,4,Friday,0,2014-10
20150413,2015-04-13,2015,2,4,April,13,0,Monday,0,2015-04
20160721,2016-07-21,2016,3,7,July,21,3,Thursday,0,2016-07
20171107,2017-11-07,2017,4,11,November,7,1,Tuesday,0,2017-11
20170223,2017-02-23,2017,1,2,February,23,3,Thursday,0,2017-02
20160623,2016-06-23,2016,2,6,June,23,3,Thursday,0,2016-06
20151026,2015-10-26,2015,4,10,October,26,0,Monday,0,2015-10
20170715,2017-07-15,2017,3,7,July,15,5,Saturday,1,2017-07
20141117,2014-11-17,2014,4,11,November,17,0,Monday,0,2014-11
20151125,2015-11-25,2015,4,11,November,25,2,Wednesday,0,2015-11
20160515,2016-05-15,2016,2,5,May,15,6,Sunday,1,2016-05
20140718,2014-07-18,2014,3,7,July,18,4,Friday,0,2014-07
20170324,2017-03-24,2017,1,3,March,24,4,Friday,0,2017-03
20170413,2017-04-13,2017,2,4,April,13,3,Thursday,0,2017-04
20140623,2014-06-23,2014,2,6,June,23,0,Monday,0,2014-06
20140520,2014-05-20,2014,2,5,May,20,1,Tuesday,0,2014-05
20151130,2015-11-30,2015,4,11,November,30,0,Monday,0,2015-11
20171116,2017-11-16,2017,4,11,November,16,3,Thursday,0,2017-11
20160625,2016-06-25,2016,2,6,June,25,5,Saturday,1,2016-06
20160514,2016-05-14,2016,2,5,May,14,5,Saturday,1,2016-05
20160107,2016-01-07,2016,1,1,January,7,3,Thursday,0,2016-01
20170313,2017-03-13,2017,1,3,March,13,0,Monday,0,2017-03
20170127,2017-01-27,2017,1,1,January,27,4,Friday,0,2017-01
20160730,2016-07-30,2016,3,7,July,30,5,Saturday,1,2016-07
20161015,2016-10-15,2016,4,10,October,15,5,Saturday,1,2016-10
20160507,2016-05-07,2016,2,5,May,7,5,Saturday,1,2016-05
20170810,2017-08-10,2017,3,8,August,10,3,Thursday,0,2017-08
20141128,2014-11-28,2014,4,11,November,28,4,Friday,0,2014-11
20150906,2015-09-06,2015,3,9,September,6,6,Sunday,1,2015-09
20150629,2015-06-29,2015,2,6,June,29,0,Monday,0,2015-06
20140714,2014-07-14,2014,3,7,July,14,0,Monday,0,2014-07
20141114,2014-11-14,2014,4,11,November,14,4,Friday,0,2014-11
20170728,2017-07-28,2017,3,7,July,28,4,Friday,0,2017-07
20170731,2017-07-31,2017,3,7,July,31,0,Monday,0,2017-07
20160319,2016-03-19,2016,1,3,March,19,5,Saturday,1,2016-03
20140331,2014-03-31,2014,1,3,March,31,0,Monday,0,2014-03
20160715,2016-07-15,2016,3,7,July,15,4,Friday,0,2016-07
20170420,2017-04-20,2017,2,4,April,20,3,Thursday,0,2017-04
20150928,2015-09-28,2015,3,9,September,28,0,Monday,0,2015-09
20170206,2017-02-06,2017,1,2,February,6,0,Monday,0,2017-02
20161114,2016-11-14,2016,4,11,November,14,0,Monday,0,2016-11
20170917,2017-09-17,2017,3,9,September,17,6,Sunday,1,2017-09
20171220,2017-12-20,2017,4,12,December,20,2,Wednesday,0,2017-12
20150306,2015-03-06,2015,1,3,March,6,4,Friday,0,2015-03
20140627,2014-06-27,2014,2,6,June,27,4,Friday,0,2014-06
20171117,2017-11-17,2017,4,11,November,17,4,Friday,0,2017-11
20170601,2017-06-01,2017,2,6,June,1,3,Thursday,0,2017-06
20170108,2017-01-08,2017,1,1,January,8,6,Sunday,1,2017-01
20150420,2015-04-20,2015,2,4,April,20,0,Monday,0,2015-04
20150806,2015-08-06,2015,3,8,August,6,3,Thursday,0,2015-08
20151223,2015-12-23,2015,4,12,December,23,2,Wednesday,0,2015-12
20151225,2015-12-25,2015,4,12,December,25,4,Friday,0,2015-12
20170321,2017-03-21,2017,1,3,March,21,1,Tuesday,0,2017-03
20140823,2014-08-23,2014,3,8,August,23,5,Saturday,1,2014-08
20140819,2014-08-19,2014,3,8,August,19,1,Tuesday,0,2014-08
20140726,2014-07-26,2014,3,7,July,26,5,Saturday,1,2014-07
20160222,2016-02-22,2016,1,2,February,22,0,Monday,0,2016-02
20160923,2016-09-23,2016,3,9,September,23,4,Friday,0,2016-09
20170124,2017-01-24,2017,1,1,January,24,1,Tuesday,0,2017-01
20160506,2016-05-06,2016,2,5,May,6,4,Friday,0,2016-05
20160317,2016-03-17,2016,1,3,March,17,3,Thursday,0,2016-03
20151114,2015-11-14,2015,4,11,November,14,5,Saturday,1,2015-11
20170814,2017-08-14,2017,3,8,August,14,0,Monday,0,2017-08
20170401,2017-04-01,2017,2,4,April,1,5,Saturday,1,2017-04
20160927,2016-09-27,2016,3,9,September,27,1,Tuesday,0,2016-09
20170323,2017-03-23,2017,1,3,March,23,3,Thursday,0,2017-03
20150607,2015-06-07,2015,2,6,June,7,6,Sunday,1,2015-06
20161229,2016-12-29,2016,4,12,December,29,3,Thursday,0,2016-12
20160418,2016-04-18,2016,2,4,April,18,0,Monday,0,2016-04
20160611,2016-06-11,2016,2,6,June,11,5,Saturday,1,2016-06
20170513,2017-05-13,2017,2,5,May,13,5,Saturday,1,2017-05
20140325,2014-03-25,2014,1,3,March,25,1,Tuesday,0,2014-03
20141118,2014-11-18,2014,4,11,November,18,1,Tuesday,0,2014-11
20170717,2017-07-17,2017,3,7,July,17,0,Monday,0,2017-07
20160522,2016-05-22,2016,2,5,May,22,6,Sunday,1,2016-05
20161031,2016-10-31,2016,4,10,October,31,0,Monday,0,2016-10
20161105,2016-11-05,2016,4,11,November,5,5,Saturday,1,2016-11
20170815,2017-08-15,2017,3,8,August,15,1,Tuesday,0,2017-08
20171203,2017-12-03,2017,4,12,December,3,6,Sunday,1,2017-12
20170828,2017-08-28,2017,3,8,August,28,0,Monday,0,2017-08
20141213,2014-12-13,2014,4,12,December,13,5,Saturday,1,2014-12
20140616,2014-06-16,2014,2,6,June,16,0,Monday,0,2014-06
20170622,2017-06-22,2017,2,6,June,22,3,Thursday,0,2017-06
20140725,2014-07-25,2014,3,7,July,25,4,Friday,0,2014-07
20150702,2015-07-02,2015,3,7,July,2,3,Thursday,0,2015-07
20161118,2016-11-18,2016,4,11,November,18,4,Friday,0,2016-11
20140905,2014-09-05,2014,3,9,September,5,4,Friday,0,2014-09
20170502,2017-05-02,2017,2,5,May,2,1,Tuesday,0,2017-05
20150406,2015-04-06,2015,2,4,April,6,0,Monday,0,2015-04
20141024,2014-10-24,2014,4,10,October,24,4,Friday,0,2014-10
20150127,2015-01-27,2015,1,1,January,27,1,Tuesday,0,2015-01
20150716,2015-07-16,2015,3,7,July,16,3,Thursday,0,2015-07
20150816,2015-08-16,2015,3,8,August,16,6,Sunday,1,2015-08
20160914,2016-09-14,2016,3,9,September,14,2,Wednesday,0,2016-09
20161008,2016-10-08,2016,4,10,October,8,5,Saturday,1,2016-10
20150317,2015-03-17,2015,1,3,March,17,1,Tuesday,0,2015-03
20171101,2017-11-01,2017,4,11,November,1,2,Wednesday,0,2017-11
20171227,2017-12-27,2017,4,12,December,27,2,Wednesday,0,2017-12
20141122,2014-11-22,2014,4,11,November,22,5,Saturday,1,2014-11
20140126,2014-01-26,2014,1,1,January,26,6,Sunday,1,2014-01
20170423,2017-04-23,2017,2,4,April,23,6,Sunday,1,2017-04
20141216,2014-12-16,2014,4,12,December,16,1,Tuesday,0,2014-12
20160304,2016-03-04,2016,1,3,March,4,4,Friday,0,2016-03
20140426,2014-04-26,2014,2,4,April,26,5,Saturday,1,2014-04
20171022,2017-10-22,2017,4,10,October,22,6,Sunday,1,2017-10
20150705,2015-07-05,2015,3,7,July,5,6,Sunday,1,2015-07
20150815,2015-08-15,2015,3,8,August,15,5,Saturday,1,2015-08
20150220,2015-02-20,2015,1,2,February,20,4,Friday,0,2015-02
20160417,2016-04-17,2016,2,4,April,17,6,Sunday,1,2016-04
20160816,2016-08-16,2016,3,8,August,16,1,Tuesday,0,2016-08
20160501,2016-05-01,2016,2,5,May,1,6,Sunday,1,2016-05
20150825,2015-08-25,2015,3,8,August,25,1,Tuesday,0,2015-08
20151112,2015-11-12,2015,4,11,November,12,3,Thursday,0,2015-11
20171204,2017-12-04,2017,4,12,December,4,0,Monday,0,2017-12
20160828,2016-08-28,2016,3,8,August,28,6,Sunday,1,2016-08
20141015,2014-10-15,2014,4,10,October,15,2,Wednesday,0,2014-10
20140318,2014-03-18,2014,1,3,March,18,1,Tuesday,0,2014-03
20140524,2014-05-24,2014,2,5,May,24,5,Saturday,1,2014-05
20141204,2014-12-04,2014,4,12,December,4,3,Thursday,0,2014-12
20170826,2017-08-26,2017,3,8,August,26,5,Saturday,1,2017-08
20141206,2014-12-06,2014,4,12,December,6,5,Saturday,1,2014-12
20141004,2014-10-04,2014,4,10,October,4,5,Saturday,1,2014-10
20170213,2017-02-13,2017,1,2,February,13,0,Monday,0,2017-02
20140702,2014-07-02,2014,3,7,July,2,2,Wednesday,0,2014-07
20150221,2015-02-21,2015,1,2,February,21,5,Saturday,1,2015-02
20160225,2016-02-25,2016,1,2,February,25,3,Thursday,0,2016-02
20150620,2015-06-20,2015,2,6,June,20,5,Saturday,1,2015-06
20170807,2017-08-07,2017,3,8,August,7,0,Monday,0,2017-08
20151204,2015-12-04,2015,4,12,December,4,4,Friday,0,2015-12
20140608,2014-06-08,2014,2,6,June,8,6,Sunday,1,2014-06
20150417,2015-04-17,2015,2,4,April,17,4,Friday,0,2015-04
20170115,2017-01-15,2017,1,1,January,15,6,Sunday,1,2017-01
20150402,2015-04-02,2015,2,4,April,2,3,Thursday,0,2015-04
20150717,2015-07-17,2015,3,7,July,17,4,Friday,0,2015-07
20161009,2016-10-09,2016,4,10,October,9,6,Sunday,1,2016-10
20140412,2014-04-12,2014,2,4,April,12,5,Saturday,1,2014-04
20161025,2016-10-25,2016,4,10,October,25,1,Tuesday,0,2016-10
20150512,2015-05-12,2015,2,5,May,12,1,Tuesday,0,2015-05
20140925,2014-09-25,2014,3,9,September,25,3,Thursday,0,2014-09
20170126,2017-01-26,2017,1,1,January,26,3,Thursday,0,2017-01
20170518,2017-05-18,2017,2,5,May,18,3,Thursday,0,2017-05
20161227,2016-12-27,2016,4,12,December,27,1,Tuesday,0,2016-12
20170408,2017-04-08,2017,2,4,April,8,5,Saturday,1,2017-04
20160602,2016-06-02,2016,2,6,June,2,3,Thursday,0,2016-06
20170725,2017-07-25,2017,3,7,July,25,1,Tuesday,0,2017-07
20170812,2017-08-12,2017,3,8,August,12,5,Saturday,1,2017-08
20170813,2017-08-13,2017,3,8,August,13,6,Sunday,1,2017-08
20160121,2016-01-21,2016,1,1,January,21,3,Thursday,0,2016-01
20160115,2016-01-15,2016,1,1,January,15,4,Friday,0,2016-01
20140221,2014-02-21,2014,1,2,February,21,4,Friday,0,2014-02
20160130,2016-01-30,2016,1,1,January,30,5,Saturday,1,2016-01
20161018,2016-10-18,2016,4,10,October,18,1,Tuesday,0,2016-10
20171102,2017-11-02,2017,4,11,November,2,3,Thursday,0,2017-11
20140330,2014-03-30,2014,1,3,March,30,6,Sunday,1,2014-03
20160104,2016-01-04,2016,1,1,January,4,0,Monday,0,2016-01
20150912,2015-09-12,2015,3,9,September,12,5,Saturday,1,2015-09
20160627,2016-06-27,2016,2,6,June,27,0,Monday,0,2016-06
20161123,2016-11-23,2016,4,11,November,23,2,Wednesday,0,2016-11
20140902,2014-09-02,2014,3,9,September,2,1,Tuesday,0,2014-09
20170710,2017-07-10,2017,3,7,July,10,0,Monday,0,2017-07
20150808,2015-08-08,2015,3,8,August,8,5,Saturday,1,2015-08
20171214,2017-12-14,2017,4,12,December,14,3,Thursday,0,2017-12
20170627,2017-06-27,2017,2,6,June,27,1,Tuesday,0,2017-06
20171216,2017-12-16,2017,4,12,December,16,5,Saturday,1,2017-12
20150507,2015-05-07,2015,2,5,May,7,3,Thursday,0,2015-05
20150612,2015-06-12,2015,2,6,June,12,4,Friday,0,2015-06
20160525,2016-05-25,2016,2,5,May,25,2,Wednesday,0,2016-05
20160221,2016-02-21,2016,1,2,February,21,6,Sunday,1,2016-02
20161002,2016-10-02,2016,4,10,October,2,6,Sunday,1,2016-10
20170311,2017-03-11,2017,1,3,March,11,5,Saturday,1,2017-03
20140517,2014-05-17,2014,2,5,May,17,5,Saturday,1,2014-05
20170417,2017-04-17,2017,2,4,April,17,0,Monday,0,2017-04
20160823,2016-08-23,2016,3,8,August,23,1,Tuesday,0,2016-08
20140824,2014-08-24,2014,3,8,August,24,6,Sunday,1,2014-08
20160324,2016-03-24,2016,1,3,March,24,3,Thursday,0,2016-03
20161121,2016-11-21,2016,4,11,November,21,0,Monday,0,2016-11
20150611,2015-06-11,2015,2,6,June,11,3,Thursday,0,2015-06
20171006,2017-10-06,2017,4,10,October,6,4,Friday,0,2017-10
20150828,2015-08-28,2015,3,8,August,28,4,Friday,0,2015-08
20160103,2016-01-03,2016,1,1,January,3,6,Sunday,1,2016-01
20140720,2014-07-20,2014,3,7,July,20,6,Sunday,1,2014-07
20170527,2017-05-27,2017,2,5,May,27,5,Saturday,1,2017-05
20140128,2014-01-28,2014,1,1,January,28,1,Tuesday,0,2014-01
20170209,2017-02-09,2017,1,2,February,9,3,Thursday,0,2017-02
20160303,2016-03-03,2016,1,3,March,3,3,Thursday,0,2016-03
20150823,2015-08-23,2015,3,8,August,23,6,Sunday,1,2015-08
20170427,2017-04-27,2017,2,4,April,27,3,Thursday,0,2017-04
20160607,2016-06-07,2016,2,6,June,7,1,Tuesday,0,2016-06
20160321,2016-03-21,2016,1,3,March,21,0,Monday,0,2016-03
20141107,2014-11-07,2014,4,11,November,7,4,Friday,0,2014-11
20170312,2017-03-12,2017,1,3,March,12,6,Sunday,1,2017-03
20170722,2017-07-22,2017,3,7,July,22,5,Saturday,1,2017-07
20150710,2015-07-10,2015,3,7,July,10,4,Friday,0,2015-07
20141110,2014-11-10,2014,4,11,November,10,0,Monday,0,2014-11
20160109,2016-01-09,2016,1,1,January,9,5,Saturday,1,2016-01
20141223,2014-12-23,2014,4,12,December,23,1,Tuesday,0,2014-12
20141002,2014-10-02,2014,4,10,October,2,3,Thursday,0,2014-10
20170901,2017-09-01,2017,3,9,September,1,4,Friday,0,2017-09
20160201,2016-02-01,2016,1,2,February,1,0,Monday,0,2016-02
20171027,2017-10-27,2017,4,10,October,27,4,Friday,0,2017-10
20141011,2014-10-11,2014,4,10,October,11,5,Saturday,1,2014-10
20140522,2014-05-22,2014,2,5,May,22,3,Thursday,0,2014-05
20140715,2014-07-15,2014,3,7,July,15,1,Tuesday,0,2014-07
20161030,2016-10-30,2016,4,10,October,30,6,Sunday,1,2016-10
20140815,2014-08-15,2014,3,8,August,15,4,Friday,0,2014-08
20150911,2015-09-11,2015,3,9,September,11,4,Friday,0,2015-09
20150723,2015-07-23,2015,3,7,July,23,3,Thursday,0,2015-07
20150813,2015-08-13,2015,3,8,August,13,3,Thursday,0,2015-08
20160817,2016-08-17,2016,3,8,August,17,2,Wednesday,0,2016-08
20140923,2014-09-23,2014,3,9,September,23,1,Tuesday,0,2014-09
20140719,2014-07-19,2014,3,7,July,19,5,Saturday,1,2014-07
20140131,2014-01-31,2014,1,1,January,31,4,Friday,0,2014-01
20140709,2014-07-09,2014,3,7,July,9,2,Wednesday,0,2014-07
20160325,2016-03-25,2016,1,3,March,25,4,Friday,0,2016-03
20170701,2017-07-01,2017,3,7,July,1,5,Saturday,1,2017-07
20141121,2014-11-21,2014,4,11,November,21,4,Friday,0,2014-11
20151017,2015-10-17,2015,4,10,October,17,5,Saturday,1,2015-10
20160920,2016-09-20,2016,3,9,September,20,1,Tuesday,0,2016-09
20150927,2015-09-27,2015,3,9,September,27,6,Sunday,1,2015-09
20160729,2016-07-29,2016,3,7,July,29,4,Friday,0,2016-07
20160806,2016-08-06,2016,3,8,August,6,5,Saturday,1,2016-08
20161007,2016-10-07,2016,4,10,October,7,4,Friday,0,2016-10
20140316,2014-03-16,2014,1,3,March,16,6,Sunday,1,2014-03
20150301,2015-03-01,2015,1,3,March,1,6,Sunday,1,2015-03
20160220,2016-02-20,2016,1,2,February,20,5,Saturday,1,2016-02
20161125,2016-11-25,2016,4,11,November,25,4,Friday,0,2016-11
20161214,2016-12-14,2016,4,12,December,14,2,Wednesday,0,2016-12
20140831,2014-08-31,2014,3,8,August,31,6,Sunday,1,2014-08
20140407,2014-04-07,2014,2,4,April,7,0,Monday,0,2014-04
20161130,2016-11-30,2016,4,11,November,30,2,Wednesday,0,2016-11
20140620,2014-06-20,2014,2,6,June,20,4,Friday,0,2014-06
20161220,2016-12-20,2016,4,12,December,20,1,Tuesday,0,2016-12
20160809,2016-08-09,2016,3,8,August,9,1,Tuesday,0,2016-08
20150410,2015-04-10,2015,2,4,April,10,4,Friday,0,2015-04
20160624,2016-06-24,2016,2,6,June,24,4,Friday,0,2016-06
20140418,2014-04-18,2014,2,4,April,18,4,Friday,0,2014-04
20160329,2016-03-29,2016,1,3,March,29,1,Tuesday,0,2016-03
20140323,2014-03-23,2014,1,3,March,23,6,Sunday,1,2014-03
20160703,2016-07-03,2016,3,7,July,3,6,Sunday,1,2016-07
20151210,2015-12-10,2015,4,12,December,10,3,Thursday,0,2015-12
20161129,2016-11-29,2016,4,11,November,29,1,Tuesday,0,2016-11
20160922,2016-09-22,2016,3,9,September,22,3,Thursday,0,2016-09
20170503,2017-05-03,2017,2,5,May,3,2,Wednesday,0,2017-05
20150312,2015-03-12,2015,1,3,March,12,3,Thursday,0,2015-03
20160613,2016-06-13,2016,2,6,June,13,0,Monday,0,2016-06
20151205,2015-12-05,2015,4,12,December,5,5,Saturday,1,2015-12
20151119,2015-11-19,2015,4,11,November,19,3,Thursday,0,2015-11
20171122,2017-11-22,2017,4,11,November,22,2,Wednesday,0,2017-11
20170306,2017-03-06,2017,1,3,March,6,0,Monday,0,2017-03
20160229,2016-02-29,2016,1,2,February,29,0,Monday,0,2016-02
20170225,2017-02-25,2017,1,2,February,25,5,Saturday,1,2017-02
20161217,2016-12-17,2016,4,12,December,17,5,Saturday,1,2016-12
20140806,2014-08-06,2014,3,8,August,6,2,Wednesday,0,2014-08
20140411,2014-04-11,2014,2,4,April,11,4,Friday,0,2014-04
20150503,2015-05-03,2015,2,5,May,3,6,Sunday,1,2015-05
20170216,2017-02-16,2017,1,2,February,16,3,Thursday,0,2017-02
20141116,2014-11-16,2014,4,11,November,16,6,Sunday,1,2014-11
20160904,2016-09-04,2016,3,9,September,4,6,Sunday,1,2016-09
20150227,2015-02-27,2015,1,2,February,27,4,Friday,0,2015-02
20140127,2014-01-27,2014,1,1,January,27,0,Monday,0,2014-01
20170305,2017-03-05,2017,1,3,March,5,6,Sunday,1,2017-03
20170507,2017-05-07,2017,2,5,May,7,6,Sunday,1,2017-05
20140408,2014-04-08,2014,2,4,April,8,1,Tuesday,0,2014-04
20141028,2014-10-28,2014,4,10,October,28,1,Tuesday,0,2014-10
20171125,2017-11-25,2017,4,11,November,25,5,Saturday,1,2017-11
20170606,2017-06-06,2017,2,6,June,6,1,Tuesday,0,2017-06
20170217,2017-02-17,2017,1,2,February,17,4,Friday,0,2017-02
20140727,2014-07-27,2014,3,7,July,27,6,Sunday,1,2014-07
20151023,2015-10-23,2015,4,10,October,23,4,Friday,0,2015-10
20150615,2015-06-15,2015,2,6,June,15,0,Monday,0,2015-06
20170129,2017-01-29,2017,1,1,January,29,6,Sunday,1,2017-01
20170501,2017-05-01,2017,2,5,May,1,0,Monday,0,2017-05
20150103,2015-01-03,2015,1,1,January,3,5,Saturday,1,2015-01
20170605,2017-06-05,2017,2,6,June,5,0,Monday,0,2017-06
20170718,2017-07-18,2017,3,7,July,18,1,Tuesday,0,2017-07
20160628,2016-06-28,2016,2,6,June,28,1,Tuesday,0,2016-06
20150601,2015-06-01,2015,2,6,June,1,0,Monday,0,2015-06
20150222,2015-02-22,2015,1,2,February,22,6,Sunday,1,2015-02
20171215,2017-12-15,2017,4,12,December,15,4,Friday,0,2017-12
20141103,2014-11-03,2014,4,11,November,3,0,Monday,0,2014-11
20150308,2015-03-08,2015,1,3,March,8,6,Sunday,1,2015-03
20151222,2015-12-22,2015,4,12,December,22,1,Tuesday,0,2015-12
20170811,2017-08-11,2017,3,8,August,11,4,Friday,0,2017-08
20161212,2016-12-12,2016,4,12,December,12,0,Monday,0,2016-12
20171115,2017-11-15,2017,4,11,November,15,2,Wednesday,0,2017-11
20170516,2017-05-16,2017,2,5,May,16,1,Tuesday,0,2017-05
20150502,2015-05-02,2015,2,5,May,2,5,Saturday,1,2015-05
20170511,2017-05-11,2017,2,5,May,11,3,Thursday,0,2017-05
20170727,2017-07-27,2017,3,7,July,27,3,Thursday,0,2017-07
20161230,2016-12-30,2016,4,12,December,30,4,Friday,0,2016-12
20140519,2014-05-19,2014,2,5,May,19,0,Monday,0,2014-05
20160416,2016-04-16,2016,2,4,April,16,5,Saturday,1,2016-04
20150314,2015-03-14,2015,1,3,March,14,5,Saturday,1,2015-03
20160701,2016-07-01,2016,3,7,July,1,4,Friday,0,2016-07
20160616,2016-06-16,2016,2,6,June,16,3,Thursday,0,2016-06
20150708,2015-07-08,2015,3,7,July,8,2,Wednesday,0,2015-07
20140505,2014-05-05,2014,2,5,May,5,0,Monday,0,2014-05
20141130,2014-11-30,2014,4,11,November,30,6,Sunday,1,2014-11
20150218,2015-02-18,2015,1,2,February,18,2,Wednesday,0,2015-02
20160930,2016-09-30,2016,3,9,September,30,4,Friday,0,2016-09
20150105,2015-01-05,2015,1,1,January,5,0,Monday,0,2015-01
20170705,2017-07-05,2017,3,7,July,5,2,Wednesday,0,2017-07
20160404,2016-04-04,2016,2,4,April,4,0,Monday,0,2016-04
20140326,2014-03-26,2014,1,3,March,26,2,Wednesday,0,2014-03
20171028,2017-10-28,2017,4,10,October,28,5,Saturday,1,2017-10
20150517,2015-05-17,2015,2,5,May,17,6,Sunday,1,2015-05
20170823,2017-08-23,2017,3,8,August,23,2,Wednesday,0,2017-08
20140822,2014-08-22,2014,3,8,August,22,4,Friday,0,2014-08
20161004,2016-10-04,2016,4,10,October,4,1,Tuesday,0,2016-10
20141026,2014-10-26,2014,4,10,October,26,6,Sunday,1,2014-10
20150214,2015-02-14,2015,1,2,February,14,5,Saturday,1,2015-02
20160125,2016-01-25,2016,1,1,January,25,0,Monday,0,2016-01
20170520,2017-05-20,2017,2,5,May,20,5,Saturday,1,2017-05
20151025,2015-10-25,2015,4,10,October,25,6,Sunday,1,2015-10
20140707,2014-07-07,2014,3,7,July,7,0,Monday,0,2014-07
20170819,2017-08-19,2017,3,8,August,19,5,Saturday,1,2017-08
20151117,2015-11-17,2015,4,11,November,17,1,Tuesday,0,2015-11
20160503,2016-05-03,2016,2,5,May,3,1,Tuesday,0,2016-05
20150619,2015-06-19,2015,2,6,June,19,4,Friday,0,2015-06
20160704,2016-07-04,2016,3,7,July,4,0,Monday,0,2016-07
20150807,2015-08-07,2015,3,8,August,7,4,Friday,0,2015-08
20140324,2014-03-24,2014,1,3,March,24,0,Monday,0,2014-03
20170618,2017-06-18,2017,2,6,June,18,6,Sunday,1,2017-06
20170523,2017-05-23,2017,2,5,May,23,1,Tuesday,0,2017-05
20140220,2014-02-20,2014,1,2,February,20,3,Thursday,0,2014-02
20141102,2014-11-02,2014,4,11,November,2,6,Sunday,1,2014-11
20141010,2014-10-10,2014,4,10,October,10,4,Friday,0,2014-10
20170330,2017-03-30,2017,1,3,March,30,3,Thursday,0,2017-03
20150712,2015-07-12,2015,3,7,July,12,6,Sunday,1,2015-07
20140713,2014-07-13,2014,3,7,July,13,6,Sunday,1,2014-07
20170926,2017-09-26,2017,3,9,September,26,1,Tuesday,0,2017-09
20140419,2014-04-19,2014,2,4,April,19,5,Saturday,1,2014-04
20150609,2015-06-09,2015,2,6,June,9,1,Tuesday,0,2015-06
20150526,2015-05-26,2015,2,5,May,26,1,Tuesday,0,2015-05
20160124,2016-01-24,2016,1,1,January,24,6,Sunday,1,2016-01
20150802,2015-08-02,2015,3,8,August,2,6,Sunday,1,2015-08
20140530,2014-05-30,2014,2,5,May,30,4,Friday,0,2014-05
20160426,2016-04-26,2016,2,4,April,26,1,Tuesday,0,2016-04
20160110,2016-01-10,2016,1,1,January,10,6,Sunday,1,2016-01
20160731,2016-07-31,2016,3,7,July,31,6,Sunday,1,2016-07
20170327,2017-03-27,2017,1,3,March,27,0,Monday,0,2017-03
20151217,2015-12-17,2015,4,12,December,17,3,Thursday,0,2015-12
20151010,2015-10-10,2015,4,10,October,10,5,Saturday,1,2015-10
20150424,2015-04-24,2015,2,4,April,24,4,Friday,0,2015-04
20150309,2015-03-09,2015,1,3,March,9,0,Monday,0,2015-03
20140708,2014-07-08,2014,3,7,July,8,1,Tuesday,0,2014-07
20170713,2017-07-13,2017,3,7,July,13,3,Thursday,0,2017-07
20150407,2015-04-07,2015,2,4,April,7,1,Tuesday,0,2015-04
20150113,2015-01-13,2015,1,1,January,13,1,Tuesday,0,2015-01
20141014,2014-10-14,2014,4,10,October,14,1,Tuesday,0,2014-10
20160102,2016-01-02,2016,1,1,January,2,5,Saturday,1,2016-01
20150315,2015-03-15,2015,1,3,March,15,6,Sunday,1,2015-03
20170106,2017-01-06,2017,1,1,January,6,4,Friday,0,2017-01
20140307,2014-03-07,2014,1,3,March,7,4,Friday,0,2014-03
20140903,2014-09-03,2014,3,9,September,3,2,Wednesday,0,2014-09
20160131,2016-01-31,2016,1,1,January,31,6,Sunday,1,2016-01
20160524,2016-05-24,2016,2,5,May,24,1,Tuesday,0,2016-05
20140430,2014-04-30,2014,2,4,April,30,2,Wednesday,0,2014-04
20150908,2015-09-08,2015,3,9,September,8,1,Tuesday,0,2015-09
20160403,2016-04-03,2016,2,4,April,3,6,Sunday,1,2016-04
20170425,2017-04-25,2017,2,4,April,25,1,Tuesday,0,2017-04
20140420,2014-04-20,2014,2,4,April,20,6,Sunday,1,2014-04
20170804,2017-08-04,2017,3,8,August,4,4,Friday,0,2017-08
20161117,2016-11-17,2016,4,11,November,17,3,Thursday,0,2016-11
20150621,2015-06-21,2015,2,6,June,21,6,Sunday,1,2015-06
20140730,2014-07-30,2014,3,7,July,30,2,Wednesday,0,2014-07
20160527,2016-05-27,2016,2,5,May,27,4,Friday,0,2016-05
20150913,2015-09-13,2015,3,9,September,13,6,Sunday,1,2015-09
20170505,2017-05-05,2017,2,5,May,5,4,Friday,0,2017-05
20140510,2014-05-10,2014,2,5,May,10,5,Saturday,1,2014-05
20150112,2015-01-12,2015,1,1,January,12,0,Monday,0,2015-01
20140614,2014-06-14,2014,2,6,June,14,5,Saturday,1,2014-06
20160621,2016-06-21,2016,2,6,June,21,1,Tuesday,0,2016-06
20170822,2017-08-22,2017,3,8,August,22,1,Tuesday,0,2017-08
20160802,2016-08-02,2016,3,8,August,2,1,Tuesday,0,2016-08
20150521,2015-05-21,2015,2,5,May,21,3,Thursday,0,2015-05
20170103,2017-01-03,2017,1,1,January,3,1,Tuesday,0,2017-01
20170930,2017-09-30,2017,3,9,September,30,5,Saturday,1,2017-09
20170116,2017-01-16,2017,1,1,January,16,0,Monday,0,2017-01
20141207,2014-12-07,2014,4,12,December,7,6,Sunday,1,2014-12
20160821,2016-08-21,2016,3,8,August,21,6,Sunday,1,2016-08
20140106,2014-01-06,2014,1,1,January,6,0,Monday,0,2014-01
20150104,2015-01-04,2015,1,1,January,4,6,Sunday,1,2015-01
20140118,2014-01-18,2014,1,1,January,18,5,Saturday,1,2014-01
20151024,2015-10-24,2015,4,10,October,24,5,Saturday,1,2015-10
20160814,2016-08-14,2016,3,8,August,14,6,Sunday,1,2016-08
20170218,2017-02-18,2017,1,2,February,18,5,Saturday,1,2017-02
20170824,2017-08-24,2017,3,8,August,24,3,Thursday,0,2017-08
20160331,2016-03-31,2016,1,3,March,31,3,Thursday,0,2016-03
20170428,2017-04-28,2017,2,4,April,28,4,Friday,0,2017-04
20140119,2014-01-19,2014,1,1,January,19,6,Sunday,1,2014-01
20140214,2014-02-14,2014,1,2,February,14,4,Friday,0,2014-02
20171008,2017-10-08,2017,4,10,October,8,6,Sunday,1,2017-10
20151008,2015-10-08,2015,4,10,October,8,3,Thursday,0,2015-10
20140224,2014-02-24,2014,1,2,February,24,0,Monday,0,2014-02
20150530,2015-05-30,2015,2,5,May,30,5,Saturday,1,2015-05
20150331,2015-03-31,2015,1,3,March,31,1,Tuesday,0,2015-03
20170522,2017-05-22,2017,2,5,May,22,0,Monday,0,2017-05
20161219,2016-12-19,2016,4,12,December,19,0,Monday,0,2016-12
20171004,2017-10-04,2017,4,10,October,4,2,Wednesday,0,2017-10
20160202,2016-02-02,2016,1,2,February,2,1,Tuesday,0,2016-02
20161024,2016-10-24,2016,4,10,October,24,0,Monday,0,2016-10
20140211,2014-02-11,2014,1,2,February,11,1,Tuesday,0,2014-02
20141221,2014-12-21,2014,4,12,December,21,6,Sunday,1,2014-12
20150515,2015-05-15,2015,2,5,May,15,4,Friday,0,2015-05
20140528,2014-05-28,2014,2,5,May,28,2,Wednesday,0,2014-05
20160728,2016-07-28,2016,3,7,July,28,3,Thursday,0,2016-07
20140402,2014-04-02,2014,2,4,April,2,2,Wednesday,0,2014-04
20140728,2014-07-28,2014,3,7,July,28,0,Monday,0,2014-07
20170329,2017-03-29,2017,1,3,March,29,2,Wednesday,0,2017-03
20160203,2016-02-03,2016,1,2,February,3,2,Wednesday,0,2016-02
20150811,2015-08-11,2015,3,8,August,11,1,Tuesday,0,2015-08
20141108,2014-11-08,2014,4,11,November,8,5,Saturday,1,2014-11
20150225,2015-02-25,2015,1,2,February,25,2,Wednesday,0,2015-02
20160831,2016-08-31,2016,3,8,August,31,2,Wednesday,0,2016-08
20140820,2014-08-20,2014,3,8,August,20,2,Wednesday,0,2014-08
20160206,2016-02-06,2016,1,2,February,6,5,Saturday,1,2016-02
20140502,2014-05-02,2014,2,5,May,2,4,Friday,0,2014-05
20150718,2015-07-18,2015,3,7,July,18,5,Saturday,1,2015-07
20150327,2015-03-27,2015,1,3,March,27,4,Friday,0,2015-03
20140910,2014-09-10,2014,3,9,September,10,2,Wednesday,0,2014-09
20150805,2015-08-05,2015,3,8,August,5,2,Wednesday,0,2015-08
20150429,2015-04-29,2015,2,4,April,29,2,Wednesday,0,2015-04
20141016,2014-10-16,2014,4,10,October,16,3,Thursday,0,2014-10
20160719,2016-07-19,2016,3,7,July,19,1,Tuesday,0,2016-07
20151230,2015-12-30,2015,4,12,December,30,2,Wednesday,0,2015-12
20141005,2014-10-05,2014,4,10,October,5,6,Sunday,1,2014-10
20150419,2015-04-19,2015,2,4,April,19,6,Sunday,1,2015-04
20160204,2016-02-04,2016,1,2,February,4,3,Thursday,0,2016-02
20160615,2016-06-15,2016,2,6,June,15,2,Wednesday,0,2016-06
20140302,2014-03-02,2014,1,3,March,2,6,Sunday,1,2014-03
20140218,2014-02-18,2014,1,2,February,18,1,Tuesday,0,2014-02
20170920,2017-09-20,2017,3,9,September,20,2,Wednesday,0,2017-09
20141025,2014-10-25,2014,4,10,October,25,5,Saturday,1,2014-10
20151018,2015-10-18,2015,4,10,October,18,6,Sunday,1,2015-10
20141222,2014-12-22,2014,4,12,December,22,0,Monday,0,2014-12
20160803,2016-08-03,2016,3,8,August,3,2,Wednesday,0,2016-08
20140319,2014-03-19,2014,1,3,March,19,2,Wednesday,0,2014-03
20140802,2014-08-02,2014,3,8,August,2,5,Saturday,1,2014-08
20170404,2017-04-04,2017,2,4,April,4,1,Tuesday,0,2017-04
20171213,2017-12-13,2017,4,12,December,13,2,Wednesday,0,2017-12
20150727,2015-07-27,2015,3,7,July,27,0,Monday,0,2015-07
20160223,2016-02-23,2016,1,2,February,23,1,Tuesday,0,2016-02
20161006,2016-10-06,2016,4,10,October,6,3,Thursday,0,2016-10
20150422,2015-04-22,2015,2,4,April,22,2,Wednesday,0,2015-04
20140916,2014-09-16,2014,3,9,September,16,1,Tuesday,0,2014-09
20140911,2014-09-11,2014,3,9,September,11,3,Thursday,0,2014-09
20140617,2014-06-17,2014,2,6,June,17,1,Tuesday,0,2014-06
20151029,2015-10-29,2015,4,10,October,29,3,Thursday,0,2015-10
20150307,2015-03-07,2015,1,3,March,7,5,Saturday,1,2015-03
20140130,2014-01-30,2014,1,1,January,30,3,Thursday,0,2014-01
20150207,2015-02-07,2015,1,2,February,7,5,Saturday,1,2015-02
20171031,2017-10-31,2017,4,10,October,31,1,Tuesday,0,2017-10
20170530,2017-05-30,2017,2,5,May,30,1,Tuesday,0,2017-05
20150330,2015-03-30,2015,1,3,March,30,0,Monday,0,2015-03
20150829,2015-08-29,2015,3,8,August,29,5,Saturday,1,2015-08
20140114,2014-01-14,2014,1,1,January,14,1,Tuesday,0,2014-01
20150321,2015-03-21,2015,1,3,March,21,5,Saturday,1,2015-03
20140915,2014-09-15,2014,3,9,September,15,0,Monday,0,2014-09
20150724,2015-07-24,2015,3,7,July,24,4,Friday,0,2015-07
20140223,2014-02-23,2014,1,2,February,23,6,Sunday,1,2014-02
20150605,2015-06-05,2015,2,6,June,5,4,Friday,0,2015-06
20140507,2014-05-07,2014,2,5,May,7,2,Wednesday,0,2014-05
20170205,2017-02-05,2017,1,2,February,5,6,Sunday,1,2017-02
20160510,2016-05-10,2016,2,5,May,10,1,Tuesday,0,2016-05
20160807,2016-08-07,2016,3,8,August,7,6,Sunday,1,2016-08
20150421,2015-04-21,2015,2,4,April,21,1,Tuesday,0,2015-04
20170113,2017-01-13,2017,1,1,January,13,4,Friday,0,2017-01
20140906,2014-09-06,2014,3,9,September,6,5,Saturday,1,2014-09
20150119,2015-01-19,2015,1,1,January,19,0,Monday,0,2015-01
20170525,2017-05-25,2017,2,5,May,25,3,Thursday,0,2017-05
20141105,2014-11-05,2014,4,11,November,5,2,Wednesday,0,2014-11
20150520,2015-05-20,2015,2,5,May,20,2,Wednesday,0,2015-05
20140704,2014-07-04,2014,3,7,July,4,4,Friday,0,2014-07
20150216,2015-02-16,2015,1,2,February,16,0,Monday,0,2015-02
20160724,2016-07-24,2016,3,7,July,24,6,Sunday,1,2016-07
20140812,2014-08-12,2014,3,8,August,12,1,Tuesday,0,2014-08
20160618,2016-06-18,2016,2,6,June,18,5,Saturday,1,2016-06
20160108,2016-01-08,2016,1,1,January,8,4,Friday,0,2016-01
20151216,2015-12-16,2015,4,12,December,16,2,Wednesday,0,2015-12
20141017,2014-10-17,2014,4,10,October,17,4,Friday,0,2014-10
20150524,2015-05-24,2015,2,5,May,24,6,Sunday,1,2015-05
20170724,2017-07-24,2017,3,7,July,24,0,Monday,0,2017-07
20171206,2017-12-06,2017,4,12,December,6,2,Wednesday,0,2017-12
20151016,2015-10-16,2015,4,10,October,16,4,Friday,0,2015-10
20150628,2015-06-28,2015,2,6,June,28,6,Sunday,1,2015-06
20160916,2016-09-16,2016,3,9,September,16,4,Friday,0,2016-09
20170526,2017-05-26,2017,2,5,May,26,4,Friday,0,2017-05
20170204,2017-02-04,2017,1,2,February,4,5,Saturday,1,2017-02
20150109,2015-01-09,2015,1,1,January,9,4,Friday,0,2015-01
20160819,2016-08-19,2016,3,8,August,19,4,Friday,0,2016-08
20160801,2016-08-01,2016,3,8,August,1,0,Monday,0,2016-08
20141009,2014-10-09,2014,4,10,October,9,3,Thursday,0,2014-10
20150513,2015-05-13,2015,2,5,May,13,2,Wednesday,0,2015-05
20140422,2014-04-22,2014,2,4,April,22,1,Tuesday,0,2014-04
20160212,2016-02-12,2016,1,2,February,12,4,Friday,0,2016-02
20170109,2017-01-09,2017,1,1,January,9,0,Monday,0,2017-01
20170816,2017-08-16,2017,3,8,August,16,2,Wednesday,0,2017-08
20160114,2016-01-14,2016,1,1,January,14,3,Thursday,0,2016-01
20161010,2016-10-10,2016,4,10,October,10,0,Monday,0,2016-10
20160123,2016-01-23,2016,1,1,January,23,5,Saturday,1,2016-01
20150210,2015-02-10,2015,1,2,February,10,1,Tuesday,0,2015-02
20140329,2014-03-29,2014,1,3,March,29,5,Saturday,1,2014-03
20161016,2016-10-16,2016,4,10,October,16,6,Sunday,1,2016-10
20160913,2016-09-13,2016,3,9,September,13,1,Tuesday,0,2016-09
20171129,2017-11-29,2017,4,11,November,29,2,Wednesday,0,2017-11
20140215,2014-02-15,2014,1,2,February,15,5,Saturday,1,2014-02
20170714,2017-07-14,2017,3,7,July,14,4,Friday,0,2017-07
20141120,2014-11-20,2014,4,11,November,20,3,Thursday,0,2014-11
20140222,2014-02-22,2014,1,2,February,22,5,Saturday,1,2014-02
20140415,2014-04-15,2014,2,4,April,15,1,Tuesday,0,2014-04
20140107,2014-01-07,2014,1,1,January,7,1,Tuesday,0,2014-01
20170913,2017-09-13,2017,3,9,September,13,2,Wednesday,0,2017-09
20141008,2014-10-08,2014,4,10,October,8,2,Wednesday,0,2014-10
20170702,2017-07-02,2017,3,7,July,2,6,Sunday,1,2017-07
20150106,2015-01-06,2015,1,1,January,6,1,Tuesday,0,2015-01
20160413,2016-04-13,2016,2,4,April,13,2,Wednesday,0,2016-04
20160214,2016-02-14,2016,1,2,February,14,6,Sunday,1,2016-02
20140516,2014-05-16,2014,2,5,May,16,4,Friday,0,2014-05
20150124,2015-01-24,2015,1,1,January,24,5,Saturday,1,2015-01
20140328,2014-03-28,2014,1,3,March,28,4,Friday,0,2014-03
20150714,2015-07-14,2015,3,7,July,14,1,Tuesday,0,2015-07
20140531,2014-05-31,2014,2,5,May,31,5,Saturday,1,2014-05
20140103,2014-01-03,2014,1,1,January,3,4,Friday,0,2014-01
20160720,2016-07-20,2016,3,7,July,20,2,Wednesday,0,2016-07
20150920,2015-09-20,2015,3,9,September,20,6,Sunday,1,2015-09
20151020,2015-10-20,2015,4,10,October,20,1,Tuesday,0,2015-10
20171108,2017-11-08,2017,4,11,November,8,2,Wednesday,0,2017-11
20150522,2015-05-22,2015,2,5,May,22,4,Friday,0,2015-05
20160309,2016-03-09,2016,1,3,March,9,2,Wednesday,0,2016-03
20160630,2016-06-30,2016,2,6,June,30,3,Thursday,0,2016-06
20150510,2015-05-10,2015,2,5,May,10,6,Sunday,1,2015-05
20170509,2017-05-09,2017,2,5,May,9,1,Tuesday,0,2017-05
20170726,2017-07-26,2017,3,7,July,26,2,Wednesday,0,2017-07
20160811,2016-08-11,2016,3,8,August,11,3,Thursday,0,2016-08
20170406,2017-04-06,2017,2,4,April,6,3,Thursday,0,2017-04
20170314,2017-03-14,2017,1,3,March,14,1,Tuesday,0,2017-03
20160306,2016-03-06,2016,1,3,March,6,6,Sunday,1,2016-03
20140830,2014-08-30,2014,3,8,August,30,5,Saturday,1,2014-08
20140305,2014-03-05,2014,1,3,March,5,2,Wednesday,0,2014-03
20160327,2016-03-27,2016,1,3,March,27,6,Sunday,1,2016-03
20160402,2016-04-02,2016,2,4,April,2,5,Saturday,1,2016-04
20160128,2016-01-28,2016,1,1,January,28,3,Thursday,0,2016-01
20161109,2016-11-09,2016,4,11,November,9,2,Wednesday,0,2016-11
20171024,2017-10-24,2017,4,10,October,24,1,Tuesday,0,2017-10
20141001,2014-10-01,2014,4,10,October,1,2,Wednesday,0,2014-10
20150223,2015-02-23,2015,1,2,February,23,0,Monday,0,2015-02
20160406,2016-04-06,2016,2,4,April,6,2,Wednesday,0,2016-04
20140508,2014-05-08,2014,2,5,May,8,3,Thursday,0,2014-05
20160209,2016-02-09,2016,1,2,February,9,1,Tuesday,0,2016-02
20160531,2016-05-31,2016,2,5,May,31,1,Tuesday,0,2016-05
20150126,2015-01-26,2015,1,1,January,26,0,Monday,0,2015-01
20171010,2017-10-10,2017,4,10,October,10,1,Tuesday,0,2017-10
20170712,2017-07-12,2017,3,7,July,12,2,Wednesday,0,2017-07
20150518,2015-05-18,2015,2,5,May,18,0,Monday,0,2015-05
20160228,2016-02-28,2016,1,2,February,28,6,Sunday,1,2016-02
20140123,2014-01-23,2014,1,1,January,23,3,Thursday,0,2014-01
20150608,2015-06-08,2015,2,6,June,8,0,Monday,0,2015-06
20140208,2014-02-08,2014,1,2,February,8,5,Saturday,1,2014-02
20151111,2015-11-11,2015,4,11,November,11,2,Wednesday,0,2015-11
20170221,2017-02-21,2017,1,2,February,21,1,Tuesday,0,2017-02
20150916,2015-09-16,2015,3,9,September,16,2,Wednesday,0,2015-09
20140624,2014-06-24,2014,2,6,June,24,1,Tuesday,0,2014-06
20141027,2014-10-27,2014,4,10,October,27,0,Monday,0,2014-10
20140227,2014-02-27,2014,1,2,February,27,3,Thursday,0,2014-02
20160805,2016-08-05,2016,3,8,August,5,4,Friday,0,2016-08
20140217,2014-02-17,2014,1,2,February,17,0,Monday,0,2014-02
20150511,2015-05-11,2015,2,5,May,11,0,Monday,0,2015-05
20150414,2015-04-14,2015,2,4,April,14,1,Tuesday,0,2015-04
20150128,2015-01-28,2015,1,1,January,28,2,Wednesday,0,2015-01
20140610,2014-06-10,2014,2,6,June,10,1,Tuesday,0,2014-06
20161011,2016-10-11,2016,4,10,October,11,1,Tuesday,0,2016-10
20140618,2014-06-18,2014,2,6,June,18,2,Wednesday,0,2014-06
20170228,2017-02-28,2017,1,2,February,28,1,Tuesday,0,2017-02
20150509,2015-05-09,2015,2,5,May,9,5,Saturday,1,2015-05
20141106,2014-11-06,2014,4,11,November,6,3,Thursday,0,2014-11
20151229,2015-12-29,2015,4,12,December,29,1,Tuesday,0,2015-12
20140403,2014-04-03,2014,2,4,April,3,3,Thursday,0,2014-04
20160603,2016-06-03,2016,2,6,June,3,4,Friday,0,2016-06
20150412,2015-04-12,2015,2,4,April,12,6,Sunday,1,2015-04
20140121,2014-01-21,2014,1,1,January,21,1,Tuesday,0,2014-01
